4.0,15.6,128.0,1910.0,1,368.0,laptop
3.0,5.5,32.0,158.5,2,179.0,smartphone
16.0,15.6,512.0,2000.0,3,2993.0,laptop
4.85,7.0,131.61,1016.32,4,49.9,tablet
8.0,17.3,256.0,3000.0,5,897.9,laptop
1.0,7.0,8.0,310.0,6,78.0,tablet
4.85,7.0,8.0,516.0,7,43.9,tablet
4.0,5.2,64.0,163.4,8,247.0,smartphone
16.0,12.0,1000.0,2800.0,9,434.5,console
8.0,14.0,256.0,1590.0,10,799.0,laptop
1.0,10.1,8.0,557.0,11,72.5,tablet
4.0,13.3,131.61,1490.0,1,749.0,laptop
4.0,15.6,131.61,2100.0,5,378.0,laptop
4.0,14.0,64.0,1650.0,2,254.0,laptop
3.0,5.5,32.0,158.5,12,167.2,smartphone
6.0,6.0,64.0,164.0,13,746.0,smartphone
2.0,5.0,16.0,150.5,14,149.98,smartphone
8.0,15.6,256.0,2650.0,3,1199.0,laptop
4.85,1.8,131.61,1016.32,15,17.15,smartphone
4.85,7.0,8.0,263.0,7,43.9,tablet
1.0,7.0,8.0,300.0,10,130.0,tablet
8.0,15.6,131.61,2140.0,3,559.0,laptop
8.0,15.6,256.0,2260.0,1,1890.0,laptop
8.0,12.3,128.0,1100.0,16,1249.0,laptop
16.0,15.6,512.0,2530.0,3,1394.04,laptop
1.0,5.0,8.0,146.25,12,120.0,smartphone
4.0,11.69,1000.0,2900.0,17,260.0,console
4.0,13.3,256.0,1400.0,3,826.0,laptop
1.0,8.0,8.0,380.0,18,88.9,tablet
3.0,5.5,256.0,196.0,19,748.59,smartphone
1.0,7.0,8.0,369.0,10,120.0,tablet
8.0,15.6,256.0,2000.0,3,2063.0,laptop
8.0,15.6,256.0,2140.0,3,689.0,laptop
8.0,12.5,256.0,1270.0,3,1368.0,tablet
2.0,9.7,32.0,478.0,19,425.03,tablet
4.0,13.3,256.0,1320.0,1,849.0,laptop
4.0,6.01,64.0,165.02,8,230.0,smartphone
4.0,11.3,1000.0,2100.0,9,360.0,console
1.0,10.1,8.0,533.0,7,85.0,tablet
2.0,5.2,16.0,155.6,20,128.5,smartphone
4.85,7.0,8.0,516.0,7,43.9,tablet
3.0,5.5,32.0,158.5,20,280.0,smartphone
1.5,8.0,16.0,393.0,20,382.0,tablet
4.85,1.8,131.61,1016.32,21,23.9,smartphone
1.0,8.0,16.0,348.0,22,109.0,tablet
1.0,7.0,8.0,300.0,10,130.0,tablet
4.85,2.0,131.61,1016.32,23,32.89,smartphone
8.0,12.5,512.0,1130.0,10,1848.0,laptop
4.85,1.8,131.61,1016.32,24,19.9,smartphone
1.0,7.0,8.0,330.0,22,83.0,tablet
6.0,5.5,128.0,174.0,13,730.0,smartphone
3.0,5.5,32.0,158.5,25,249.0,smartphone
8.0,17.3,131.61,2700.0,26,979.0,laptop
8.0,17.3,131.61,3140.0,1,1855.0,laptop
8.0,12.0,256.0,754.0,20,1669.0,tablet
1.0,5.0,16.0,147.5,27,109.0,smartphone
4.85,1.77,131.61,1016.32,8,23.93,smartphone
8.0,15.6,256.0,2100.0,10,559.0,laptop
1.0,8.0,8.0,339.0,28,102.9,tablet
4.0,17.3,131.61,3000.0,5,669.0,laptop
4.85,1.8,131.61,1016.32,15,18.0,smartphone
4.0,13.3,256.0,1400.0,3,739.0,laptop
4.0,10.5,256.0,477.0,19,1055.0,tablet
1.0,7.0,8.0,310.0,6,78.0,tablet
3.0,8.0,32.0,310.0,29,291.0,tablet
2.0,8.0,16.0,364.0,20,222.0,tablet
4.85,1.77,131.61,1016.32,30,29.0,smartphone
8.0,6.41,256.0,207.28,31,715.95,smartphone
8.0,15.6,256.0,2191.0,3,999.0,laptop
1.0,4.0,8.0,149.0,22,69.9,smartphone
1.0,8.0,8.0,380.0,18,88.9,tablet
4.0,10.8,32.0,498.0,29,449.0,tablet
1.0,5.5,16.0,155.75,32,100.0,smartphone
1.0,8.0,16.0,348.0,22,109.0,tablet
8.0,15.6,256.0,2530.0,3,1093.0,laptop
3.0,5.2,32.0,157.2,29,229.0,smartphone
1.0,8.0,8.0,330.0,11,74.89,tablet
4.85,7.0,8.0,264.0,6,51.64,tablet
6.0,5.5,128.0,174.0,21,534.95,smartphone
1.0,7.0,8.0,300.0,10,130.0,tablet
1.0,10.1,8.0,550.0,18,129.0,tablet
2.0,10.1,16.0,535.0,33,113.0,tablet
4.0,15.6,131.61,2250.0,3,498.99,laptop
2.0,10.1,16.0,509.0,10,185.9,tablet
4.85,7.0,8.0,289.0,11,60.0,tablet
2.0,5.0,16.0,155.5,29,143.84,smartphone
8.0,14.0,256.0,1400.0,2,842.0,laptop
4.0,5.6,32.0,161.6,20,249.0,smartphone
4.85,1.8,131.61,1016.32,15,19.8,smartphone
3.0,4.7,32.0,157.7,34,462.59,smartphone
3.0,5.5,32.0,158.5,35,175.0,smartphone
1.0,8.0,8.0,315.0,22,89.99,tablet
4.0,6.3,64.0,176.6,20,480.0,smartphone
4.0,5.8,64.0,163.6,20,481.0,smartphone
1.0,7.0,8.0,300.0,10,130.0,tablet
8.0,15.6,131.61,2100.0,1,776.0,laptop
1.0,7.0,8.0,330.0,22,83.0,tablet
8.0,15.6,256.0,2560.0,3,929.0,laptop
6.0,5.5,64.0,163.0,2,325.0,smartphone
16.0,17.3,131.61,2950.0,2,1682.0,laptop
1.0,7.0,8.0,360.0,7,79.3,tablet
2.0,5.0,16.0,150.5,10,99.99,smartphone
1.0,7.0,8.0,300.0,10,130.0,tablet
2.0,11.3,1000.0,2100.0,9,353.0,console
3.0,6.1,64.0,164.2,19,839.8,smartphone
2.0,5.3,16.0,150.65,36,85.0,smartphone
8.0,15.6,131.61,3200.0,10,1426.0,laptop
4.85,1.77,131.61,1016.32,37,47.6,smartphone
4.0,6.0,64.0,164.0,38,369.0,smartphone
8.0,12.5,256.0,1250.0,39,1059.0,laptop
2.0,10.1,16.0,525.0,20,207.0,tablet
4.85,7.0,131.61,1016.32,4,49.9,tablet
3.0,10.1,32.0,460.0,29,319.0,tablet
1.0,14.0,16.0,1112.0,40,259.0,tablet
8.0,15.6,256.0,2500.0,5,888.0,laptop
16.0,15.6,131.61,2610.0,3,1749.0,laptop
4.85,7.0,131.61,1016.32,4,49.9,tablet
1.0,8.0,16.0,348.0,22,109.0,tablet
8.0,14.0,256.0,1930.0,10,1163.0,laptop
4.0,15.6,256.0,2200.0,3,699.0,laptop
8.0,13.3,512.0,1370.0,19,1726.5,laptop
4.0,14.0,128.0,1440.0,10,344.0,laptop
4.0,6.18,64.0,172.36,32,164.15,smartphone
16.0,15.6,512.0,2100.0,1,1125.0,laptop
1.0,2.8,8.0,148.7,22,90.93,smartphone
2.0,9.7,32.0,437.0,19,649.31,tablet
4.0,5.5,64.0,170.0,9,361.62,smartphone
1.5,8.0,16.0,393.0,20,382.0,tablet
4.85,11.0,256.0,468.0,19,1328.9,tablet
6.0,5.99,128.0,175.96,25,234.95,smartphone
2.0,5.0,16.0,155.5,18,83.9,smartphone
16.0,17.3,131.61,4560.0,26,3059.0,laptop
4.0,15.6,128.0,2300.0,3,388.9,laptop
1.0,10.1,8.0,550.0,18,129.0,tablet
1.0,10.1,8.0,510.0,11,72.85,tablet
1.0,4.5,8.0,146.125,41,42.8,smartphone
8.0,15.6,256.0,2200.0,10,459.0,laptop
4.85,2.4,131.61,1016.32,14,64.98,smartphone
4.0,6.1,64.0,168.2,12,502.0,smartphone
16.0,13.3,1000.0,1210.0,3,2179.0,laptop
1.0,5.0,8.0,149.25,23,79.99,smartphone
6.0,6.53,128.0,178.12,29,705.0,smartphone
4.0,6.0,32.0,169.0,9,309.0,smartphone
4.85,7.0,8.0,1016.32,7,44.6,tablet
4.85,7.0,8.0,1016.32,7,44.6,tablet
2.0,5.0,16.0,150.5,42,135.44,smartphone
2.0,10.1,16.0,506.0,10,159.98,tablet
1.0,7.0,8.0,310.0,6,78.0,tablet
1.0,5.0,8.0,149.25,22,98.0,smartphone
16.0,15.6,131.61,2500.0,26,1984.13,laptop
4.0,5.5,32.0,158.5,10,205.05,smartphone
2.0,5.5,16.0,150.75,43,129.0,smartphone
1.5,5.0,8.0,149.25,20,111.0,smartphone
8.0,15.6,131.61,2200.0,5,569.0,laptop
6.0,6.53,128.0,178.12,29,708.21,smartphone
3.0,5.0,32.0,158.0,44,109.0,smartphone
4.85,7.0,8.0,1016.32,7,44.6,tablet
1.0,7.0,8.0,265.0,29,109.9,tablet
1.0,4.5,8.0,146.125,14,59.99,smartphone
16.0,17.3,131.61,4140.0,26,2049.0,laptop
4.0,5.5,32.0,157.8,16,423.0,smartphone
1.0,5.0,16.0,150.5,15,92.59,smartphone
4.0,5.5,32.0,168.5,9,228.99,smartphone
2.0,11.6,32.0,1400.0,33,179.0,tablet
4.0,14.0,64.0,1440.0,10,254.0,laptop
1.0,10.1,8.0,557.0,11,72.5,tablet
4.0,5.84,64.0,167.68,29,308.0,smartphone
32.0,17.3,131.61,2260.0,2,3830.0,laptop
3.0,6.0,32.0,162.0,20,199.5,smartphone
1.5,5.0,16.0,155.5,12,113.94,smartphone
4.0,15.6,131.61,2200.0,3,429.0,laptop
6.0,6.21,128.0,176.84,25,325.28,smartphone
4.0,10.1,64.0,690.0,10,544.12,tablet
8.0,15.6,256.0,2050.0,10,699.0,laptop
4.0,13.3,128.0,1490.0,1,699.0,laptop
8.0,14.0,256.0,1600.0,5,985.0,laptop
3.0,8.0,16.0,419.0,20,389.12,tablet
4.0,17.3,256.0,3000.0,5,702.0,laptop
2.0,14.0,32.0,1650.0,2,197.0,laptop
4.85,1.77,131.61,1016.32,45,22.21,smartphone
1.0,7.0,8.0,330.0,22,83.0,tablet
1.0,10.1,8.0,610.0,11,68.99,tablet
6.0,5.7,128.0,185.3,25,494.0,smartphone
8.0,14.0,256.0,1750.0,10,937.0,laptop
4.0,15.6,131.61,2200.0,10,429.0,laptop
16.0,13.5,512.0,1576.0,17,1999.0,tablet
8.0,15.6,256.0,1930.0,10,1156.0,laptop
1.0,8.0,8.0,380.0,18,88.9,tablet
6.0,6.3,128.0,181.2,29,392.16,smartphone
8.0,13.3,256.0,1210.0,3,1599.0,laptop
2.0,5.3,16.0,155.65,12,130.7,smartphone
8.0,15.6,131.61,2200.0,26,1199.99,laptop
4.0,15.6,131.61,1860.0,1,225.0,laptop
1.0,4.0,8.0,149.0,22,71.99,smartphone
4.0,5.8,64.0,163.6,20,380.0,smartphone
8.0,17.3,131.61,2500.0,1,980.0,laptop
4.0,6.0,32.0,169.0,9,379.0,smartphone
8.0,13.3,256.0,1600.0,5,769.0,laptop
6.0,6.0,64.0,164.0,13,718.0,smartphone
2.0,8.9,32.0,428.0,40,132.6,tablet
16.0,15.6,256.0,1880.0,26,2318.0,laptop
4.0,15.6,131.61,2200.0,3,544.99,laptop
1.0,5.0,8.0,146.25,41,62.9,smartphone
4.0,5.7,32.0,158.7,12,316.0,smartphone
4.0,11.3,1000.0,2100.0,9,353.0,console
3.0,5.0,32.0,161.0,22,249.9,smartphone
1.0,7.0,8.0,310.0,6,78.0,tablet
16.0,15.6,131.61,1780.0,3,2930.0,laptop
3.0,5.5,32.0,158.5,35,139.9,smartphone
16.0,15.6,131.61,1890.0,26,1942.0,laptop
1.0,10.1,8.0,610.0,11,68.99,tablet
4.0,15.6,131.61,2000.0,2,193.5,laptop
6.0,6.39,128.0,205.56,29,995.0,smartphone
2.0,6.0,32.0,159.0,20,140.3,smartphone
8.0,15.6,256.0,2180.0,3,840.0,laptop
4.0,14.0,256.0,1700.0,10,777.0,laptop
1.0,5.0,8.0,146.25,15,59.99,smartphone
1.5,8.0,16.0,393.0,20,382.0,tablet
8.0,13.3,256.0,1560.0,10,999.0,laptop
2.0,10.1,32.0,509.0,10,249.65,tablet
4.0,15.6,131.61,2000.0,2,429.0,laptop
2.0,4.7,32.0,156.7,19,446.88,smartphone
2.0,10.1,32.0,1003.0,46,249.0,tablet
4.0,15.6,128.0,2100.0,10,629.9,laptop
4.0,5.93,64.0,167.86,29,199.85,smartphone
16.0,14.0,512.0,1360.0,3,1698.0,laptop
6.0,5.5,64.0,163.0,25,291.9,smartphone
16.0,15.4,512.0,1830.0,19,2727.96,laptop
1.0,7.0,8.0,310.0,6,78.0,tablet
4.0,15.6,256.0,2100.0,5,345.8,laptop
2.0,10.1,16.0,535.0,33,113.0,tablet
1.0,7.0,8.0,1016.32,7,44.6,tablet
3.0,5.5,32.0,161.5,13,318.0,smartphone
8.0,13.3,256.0,1100.0,10,891.0,laptop
4.0,15.6,256.0,1770.0,1,648.0,laptop
1.0,7.0,8.0,330.0,11,59.0,tablet
4.0,15.6,131.61,2290.0,3,398.0,laptop
2.0,10.1,16.0,535.0,33,113.0,tablet
8.0,17.3,131.61,4420.0,3,2139.0,laptop
8.0,15.6,256.0,2000.0,10,1199.0,laptop
3.0,5.99,32.0,157.99,25,129.73,smartphone
6.0,15.6,256.0,2200.0,10,539.0,laptop
3.0,10.5,32.0,534.0,20,278.65,tablet
1.0,5.0,8.0,149.25,20,92.01,smartphone
1.0,8.0,8.0,380.0,18,88.9,tablet
8.0,13.9,256.0,1380.0,10,998.0,laptop
8.0,11.3,1000.0,2100.0,9,379.5,console
1.0,8.0,8.0,330.0,11,74.89,tablet
4.0,15.6,128.0,2100.0,1,674.0,laptop
4.0,15.6,128.0,1900.0,10,469.0,laptop
6.0,6.2,64.0,164.4,20,655.96,smartphone
3.0,5.2,32.0,158.2,35,130.0,smartphone
16.0,15.6,131.61,2610.0,3,1469.0,laptop
4.85,2.4,8.0,142.6,22,58.99,smartphone
1.0,7.0,8.0,300.0,10,130.0,tablet
4.0,15.6,131.61,2100.0,5,224.0,laptop
1.0,10.1,8.0,557.0,11,72.5,tablet
4.0,10.1,64.0,665.0,10,549.0,tablet
4.0,11.3,500.0,2100.0,9,329.5,console
4.0,11.69,500.0,2900.0,17,265.0,console
1.0,7.0,8.0,330.0,22,83.0,tablet
8.0,15.6,131.61,2200.0,3,977.0,laptop
16.0,17.3,131.61,2900.0,2,1490.0,laptop
1.0,10.1,16.0,800.0,27,118.0,tablet
8.0,14.0,256.0,1300.0,2,1132.0,laptop
2.0,11.69,1000.0,3800.0,17,429.9,console
1.0,7.0,8.0,1016.32,47,74.99,tablet
1.0,8.0,16.0,348.0,22,109.0,tablet
2.0,5.0,16.0,150.5,2,205.9,smartphone
2.0,11.69,1000.0,3800.0,17,499.0,console
8.0,13.3,256.0,1380.0,1,1399.0,laptop
3.0,5.5,32.0,161.5,22,299.9,smartphone
6.0,15.6,256.0,1990.0,1,593.99,laptop
3.0,5.5,32.0,157.5,29,253.0,smartphone
4.0,15.6,131.61,2300.0,5,549.0,laptop
8.0,14.0,131.61,1700.0,10,499.99,laptop
6.0,6.0,64.0,168.0,2,355.0,smartphone
8.0,17.3,131.61,2800.0,3,929.0,laptop
4.85,7.0,8.0,516.0,7,43.9,tablet
16.0,15.6,512.0,2000.0,3,1295.0,laptop
4.0,15.6,256.0,2200.0,5,570.0,laptop
1.0,7.0,8.0,330.0,22,83.0,tablet
4.0,15.6,131.61,1930.0,3,868.0,laptop
1.0,7.0,8.0,300.0,10,130.0,tablet
4.0,6.4,64.0,168.8,10,399.0,smartphone
2.0,10.1,16.0,508.0,10,209.02,tablet
1.0,10.1,8.0,557.0,11,72.5,tablet
4.85,7.0,8.0,516.0,7,43.9,tablet
1.0,4.5,16.0,150.25,22,73.66,smartphone
4.0,13.5,128.0,1252.0,17,1010.0,laptop
4.0,11.3,1000.0,2100.0,9,359.0,console
4.0,15.6,131.61,1860.0,1,264.0,laptop
4.85,8.0,8.0,364.0,11,89.99,tablet
4.85,7.0,8.0,516.0,7,43.9,tablet
4.0,15.6,131.61,1900.0,10,429.0,laptop
3.0,5.2,32.0,157.2,29,259.0,smartphone
4.0,10.1,64.0,1200.0,1,388.0,tablet
2.0,5.2,16.0,150.6,48,143.6,smartphone
6.0,15.6,131.61,2100.0,5,529.0,laptop
2.0,5.7,16.0,155.85,29,149.2,smartphone
2.0,5.0,16.0,150.5,44,88.99,smartphone
4.0,15.6,128.0,1900.0,10,399.0,laptop
1.0,10.1,8.0,550.0,18,129.0,tablet
4.85,2.0,131.61,1016.32,34,46.65,smartphone
2.0,5.45,16.0,150.725,29,125.0,smartphone
3.0,5.5,32.0,158.5,9,189.72,smartphone
2.0,10.1,16.0,530.0,5,152.52,tablet
1.0,4.7,16.0,150.35,34,352.0,smartphone
4.0,15.6,256.0,2230.0,5,669.0,laptop
6.0,15.6,131.61,2170.0,10,579.0,laptop
4.85,11.0,512.0,468.0,19,1389.0,tablet
1.0,10.1,16.0,580.0,41,89.9,tablet
1.0,6.0,8.0,149.5,22,84.47,smartphone
4.0,11.3,1000.0,2100.0,9,359.5,console
4.85,1.77,131.61,1016.32,45,27.47,smartphone
16.0,17.3,131.61,2900.0,2,1490.0,laptop
8.0,14.0,128.0,2170.0,1,2530.9,tablet
4.85,7.0,8.0,516.0,7,43.9,tablet
8.0,5.72,64.0,163.44,39,848.99,smartphone
3.0,5.5,32.0,158.5,49,270.0,smartphone
1.0,7.0,8.0,330.0,11,59.0,tablet
8.0,15.6,256.0,2200.0,10,579.0,laptop
4.0,5.0,128.0,172.2,16,669.95,smartphone
4.0,5.85,64.0,164.7,36,230.95,smartphone
16.0,15.6,512.0,2060.0,3,1990.0,laptop
1.0,10.1,8.0,505.0,27,78.9,tablet
1.0,7.0,8.0,330.0,22,83.0,tablet
4.85,7.0,8.0,264.0,6,51.64,tablet
4.85,7.0,131.61,1016.32,4,49.9,tablet
8.0,15.6,131.61,2200.0,10,699.0,laptop
4.85,2.4,131.61,1016.32,14,64.98,smartphone
4.0,15.6,131.61,2200.0,10,499.0,laptop
16.0,17.3,131.61,2900.0,26,1679.0,laptop
16.0,17.3,131.61,2700.0,26,1381.0,laptop
3.0,5.5,16.0,155.75,20,172.0,smartphone
1.0,5.0,8.0,146.25,50,57.9,smartphone
3.0,6.0,32.0,162.0,20,209.1,smartphone
4.0,5.5,64.0,163.0,2,350.0,smartphone
1.0,7.0,8.0,330.0,11,59.0,tablet
1.0,10.1,32.0,556.0,41,139.0,tablet
8.0,15.6,131.61,2400.0,10,1019.0,laptop
4.0,4.5,64.0,161.0,51,509.9,smartphone
4.0,5.0,64.0,163.0,50,222.5,smartphone
4.0,15.6,131.61,1860.0,1,326.9,laptop
2.0,5.0,16.0,150.5,12,106.47,smartphone
8.0,13.3,256.0,1370.0,19,1629.0,laptop
4.0,15.6,131.61,2300.0,10,593.93,laptop
1.5,5.0,8.0,149.25,20,93.0,smartphone
16.0,17.3,131.61,3100.0,26,1810.0,laptop
2.0,10.1,16.0,535.0,33,113.0,tablet
12.0,15.6,131.61,1990.0,2,1244.0,laptop
8.0,14.0,131.61,1600.0,1,609.0,laptop
4.0,5.5,64.0,164.0,25,220.0,smartphone
4.0,5.5,32.0,157.5,25,146.95,smartphone
1.0,10.1,8.0,533.0,7,85.0,tablet
4.0,15.6,131.61,2100.0,10,679.0,laptop
1.0,5.0,8.0,149.25,14,84.98,smartphone
4.0,11.6,16.0,1230.0,1,189.0,laptop
8.0,15.6,131.61,1900.0,10,699.0,laptop
4.85,2.4,131.61,1016.32,52,41.8,smartphone
1.0,10.1,8.0,533.0,7,85.0,tablet
6.0,17.3,131.61,2800.0,10,569.0,laptop
6.0,6.26,128.0,177.04,25,291.0,smartphone
1.0,10.1,8.0,557.0,11,72.5,tablet
4.0,15.6,131.61,1970.0,1,494.0,laptop
4.0,15.6,128.0,2100.0,10,495.0,laptop
6.0,6.0,64.0,168.0,22,337.0,smartphone
8.0,15.6,131.61,1900.0,2,793.99,laptop
4.0,15.6,128.0,2200.0,10,499.0,laptop
24.0,14.0,512.0,1320.0,10,2049.0,laptop
4.0,15.6,131.61,2100.0,5,454.0,laptop
1.0,5.0,8.0,149.25,15,78.5,smartphone
4.0,5.85,64.0,164.7,36,168.95,smartphone
8.0,17.3,256.0,2600.0,26,1619.0,laptop
2.0,10.1,16.0,535.0,33,113.0,tablet
4.0,6.0,64.0,175.0,9,430.0,smartphone
3.0,5.99,32.0,158.99,29,166.49,smartphone
1.0,10.1,8.0,533.0,7,85.0,tablet
2.0,5.0,16.0,155.5,10,137.61,smartphone
2.0,5.7,16.0,155.85,29,110.35,smartphone
1.0,7.0,8.0,310.0,6,78.0,tablet
8.0,13.3,256.0,1200.0,53,1375.0,laptop
16.0,15.4,256.0,2040.0,19,2129.99,laptop
1.0,10.1,8.0,590.0,6,102.35,tablet
3.0,10.1,32.0,475.0,29,357.0,tablet
4.0,5.5,64.0,163.0,54,389.99,smartphone
4.85,2.4,131.61,1016.32,21,42.9,smartphone
4.0,11.3,1000.0,2100.0,9,349.0,console
2.0,5.0,16.0,150.5,44,114.0,smartphone
2.0,11.69,1000.0,2900.0,17,369.9,console
8.0,15.6,256.0,2200.0,3,1135.0,laptop
4.85,10.1,32.0,570.0,37,168.78,tablet
4.0,12.5,128.0,1860.0,1,1196.0,tablet
8.0,13.3,256.0,1620.0,3,1145.0,laptop
8.0,12.0,512.0,920.0,19,1179.0,laptop
2.0,5.99,16.0,154.995,55,179.84,smartphone
4.0,15.6,131.61,2200.0,10,699.9,laptop
1.5,7.0,8.0,283.0,20,152.3,tablet
1.0,7.0,8.0,350.0,41,79.5,tablet
2.0,5.0,16.0,150.5,10,85.0,smartphone
1.0,8.0,8.0,330.0,11,74.89,tablet
4.0,12.9,512.0,692.0,19,1375.0,tablet
4.0,5.7,64.0,170.4,9,669.79,smartphone
3.0,6.1,128.0,176.4,19,904.0,smartphone
2.0,5.99,16.0,150.995,43,149.0,smartphone
4.0,15.6,131.61,2000.0,53,627.0,laptop
16.0,15.6,131.61,2400.0,26,1339.0,laptop
4.0,15.6,131.61,1850.0,10,294.0,laptop
4.85,1.77,131.61,1016.32,11,12.99,smartphone
1.0,10.1,8.0,557.0,11,72.5,tablet
1.0,7.0,16.0,248.0,10,73.9,tablet
3.0,5.2,32.0,161.2,13,275.0,smartphone
1.0,7.0,8.0,289.0,11,61.0,tablet
1.0,7.0,8.0,310.0,6,78.0,tablet
8.0,13.9,256.0,1330.0,29,1699.0,laptop
2.0,10.1,16.0,550.0,56,165.0,tablet
4.0,10.8,32.0,686.5,22,346.19,tablet
1.0,8.0,8.0,330.0,11,74.89,tablet
4.85,2.4,131.61,1016.32,57,32.0,smartphone
8.0,15.6,256.0,3200.0,10,1179.0,laptop
8.0,13.3,256.0,1420.0,3,1635.0,laptop
4.85,2.4,131.61,1016.32,21,42.9,smartphone
1.0,7.0,8.0,248.0,10,64.5,tablet
2.0,10.1,16.0,535.0,33,113.0,tablet
1.0,5.5,8.0,146.375,36,65.5,smartphone
4.85,11.0,512.0,468.0,19,1585.0,tablet
8.0,17.3,131.61,3350.0,1,1128.0,laptop
2.0,5.0,16.0,155.5,20,110.95,smartphone
3.0,5.2,16.0,155.6,29,209.26,smartphone
2.0,5.0,16.0,155.5,29,128.0,smartphone
3.0,5.0,32.0,168.0,9,164.0,smartphone
4.0,15.6,256.0,1800.0,10,729.0,laptop
3.0,5.5,16.0,154.75,35,133.99,smartphone
3.0,10.1,32.0,460.0,29,293.88,tablet
4.85,1.4,131.61,1016.32,21,20.9,smartphone
4.0,15.6,131.61,2200.0,3,377.44,laptop
8.0,15.6,256.0,2180.0,3,986.0,laptop
1.0,5.5,8.0,143.375,58,77.9,smartphone
4.85,7.0,131.61,1016.32,4,49.9,tablet
2.0,5.0,16.0,155.5,20,114.8,smartphone
6.0,5.99,256.0,199.92,25,496.0,smartphone
4.0,15.6,256.0,1860.0,1,378.9,laptop
8.0,15.6,256.0,1880.0,3,1049.0,laptop
2.0,5.0,16.0,155.5,59,109.8,smartphone
32.0,17.3,1000.0,3490.0,39,5999.0,laptop
4.85,7.0,8.0,516.0,7,43.9,tablet
8.0,15.6,131.61,2300.0,5,468.0,laptop
1.0,2.8,8.0,143.89999999999995,22,69.89,smartphone
4.85,7.0,8.0,1016.32,7,44.6,tablet
4.85,7.0,8.0,516.0,7,43.9,tablet
8.0,15.6,131.61,1900.0,2,894.0,laptop
1.0,5.0,8.0,146.25,10,72.4,smartphone
2.0,5.2,16.0,155.6,35,91.3,smartphone
1.0,10.1,8.0,533.0,7,85.0,tablet
8.0,14.0,256.0,1750.0,10,963.99,laptop
1.5,8.0,16.0,393.0,20,382.0,tablet
1.5,8.0,16.0,393.0,20,382.0,tablet
16.0,17.3,131.61,4360.0,3,2599.0,laptop
4.85,12.9,512.0,631.0,19,1808.9,tablet
2.0,11.3,1000.0,2100.0,9,348.9,console
2.0,11.3,1000.0,2100.0,9,309.9,console
4.0,15.6,256.0,1910.0,1,478.89,laptop
8.0,13.3,256.0,1200.0,53,1469.0,laptop
1.0,10.1,8.0,533.0,7,85.0,tablet
1.0,6.0,16.0,151.0,15,140.49,smartphone
8.0,14.0,256.0,1650.0,10,1398.0,laptop
8.0,17.3,131.61,2700.0,2,1599.0,laptop
2.0,8.0,16.0,466.0,10,216.0,tablet
4.0,6.53,128.0,178.12,29,708.21,smartphone
8.0,17.3,131.61,2800.0,10,469.0,laptop
3.0,5.45,64.0,162.9,25,132.0,smartphone
6.0,5.8,64.0,170.6,9,950.0,smartphone
16.0,14.0,1000.0,1130.0,10,2876.0,laptop
1.0,7.0,8.0,300.0,10,130.0,tablet
4.0,5.5,64.0,163.0,29,368.0,smartphone
4.0,10.1,64.0,690.0,10,695.0,laptop
8.0,15.6,256.0,2180.0,3,854.99,laptop
16.0,15.6,131.61,2200.0,3,1114.0,laptop
4.0,15.6,128.0,1850.0,10,382.0,laptop
16.0,12.3,256.0,786.0,17,1990.0,tablet
1.0,7.0,8.0,330.0,22,83.0,tablet
1.0,7.0,8.0,300.0,10,130.0,tablet
1.0,7.0,8.0,310.0,6,78.0,tablet
8.0,15.6,256.0,2400.0,5,889.0,laptop
1.0,7.0,8.0,300.0,10,130.0,tablet
4.85,7.0,131.61,1016.32,4,49.9,tablet
4.85,7.0,8.0,1016.32,7,44.6,tablet
3.0,5.99,32.0,157.99,25,142.0,smartphone
3.0,5.2,32.0,161.2,32,117.8,smartphone
4.85,4.0,8.0,146.0,24,64.9,smartphone
4.0,10.1,64.0,530.0,5,319.0,tablet
4.0,10.8,32.0,686.5,22,346.19,tablet
2.0,5.2,16.0,150.6,15,92.93,smartphone
4.0,15.6,256.0,2200.0,10,388.0,laptop
4.0,5.5,64.0,163.0,55,370.0,smartphone
6.0,6.0,64.0,168.0,20,409.5,smartphone
4.0,12.9,256.0,692.0,19,1215.0,tablet
4.85,7.0,131.61,1016.32,4,49.9,tablet
1.0,5.0,16.0,147.5,15,67.79,smartphone
1.0,10.1,8.0,557.0,11,83.95,tablet
4.0,5.15,128.0,172.6,25,427.0,smartphone
16.0,17.3,131.61,2430.0,26,1889.0,laptop
1.0,8.0,8.0,380.0,18,88.9,tablet
4.85,2.4,131.61,1016.32,21,31.25,smartphone
4.0,5.2,64.0,166.4,34,825.0,smartphone
2.0,5.0,16.0,150.5,50,179.0,smartphone
16.0,15.6,131.61,3700.0,5,1349.0,laptop
16.0,15.6,131.61,2620.0,1,1649.0,laptop
4.0,5.8,128.0,175.2,29,486.25,smartphone
2.0,4.7,16.0,154.35,19,392.98,smartphone
8.0,14.0,256.0,1630.0,1,839.0,laptop
4.0,9.7,64.0,430.0,2,415.0,tablet
2.0,4.7,64.0,161.4,19,590.0,smartphone
8.0,17.3,256.0,2500.0,1,893.0,laptop
2.0,9.6,16.0,460.0,29,141.0,tablet
8.0,17.3,256.0,2800.0,10,689.0,laptop
16.0,13.3,512.0,1500.0,3,1249.0,laptop
1.0,10.1,8.0,610.0,11,68.99,tablet
2.0,14.0,32.0,1440.0,1,244.0,laptop
1.0,10.1,8.0,550.0,18,129.0,tablet
4.0,15.6,131.61,2100.0,5,409.0,laptop
2.0,10.1,16.0,535.0,33,113.0,tablet
4.85,7.0,8.0,264.0,6,51.64,tablet
8.0,13.3,256.0,1100.0,2,1144.01,laptop
4.0,6.3,64.0,168.6,29,286.3,smartphone
4.0,13.3,128.0,1300.0,1,744.0,laptop
4.85,7.0,8.0,516.0,7,43.9,tablet
1.0,7.0,8.0,330.0,22,83.0,tablet
8.0,14.0,128.0,1600.0,3,994.9,laptop
1.0,7.0,16.0,300.0,10,79.9,tablet
32.0,14.0,131.61,2170.0,1,3509.5,tablet
1.0,7.0,8.0,278.0,29,79.0,tablet
4.85,12.9,256.0,631.0,19,1378.9,tablet
8.0,15.6,131.61,1700.0,2,745.9,laptop
8.0,15.6,128.0,2380.0,3,1425.0,laptop
16.0,13.5,512.0,1250.0,17,2480.0,laptop
1.0,10.1,16.0,570.0,56,129.0,tablet
1.0,7.0,8.0,330.0,11,59.0,tablet
6.0,15.6,256.0,1840.0,2,593.5,laptop
8.0,15.6,131.61,1900.0,3,829.0,laptop
4.0,15.6,131.61,2300.0,3,438.0,laptop
8.0,15.6,131.61,2020.0,3,729.89,laptop
1.0,7.0,8.0,1016.32,40,91.21,tablet
1.0,8.0,8.0,330.0,11,74.89,tablet
1.0,10.1,8.0,610.0,11,68.99,tablet
4.0,15.6,131.61,2200.0,3,427.5,laptop
32.0,17.3,512.0,3200.0,1,2800.0,laptop
1.0,8.0,16.0,348.0,22,109.0,tablet
32.0,17.3,131.61,3050.0,2,1699.0,laptop
4.0,14.0,131.61,1740.0,10,619.0,laptop
4.0,15.6,131.61,2200.0,3,227.66,laptop
1.0,10.1,8.0,610.0,11,68.99,tablet
4.0,6.0,64.0,164.0,21,301.8,smartphone
1.0,7.0,8.0,300.0,10,130.0,tablet
2.0,11.3,500.0,2100.0,9,385.0,console
2.0,5.5,16.0,155.75,12,104.58,smartphone
2.0,10.1,16.0,460.0,29,235.0,tablet
8.0,13.3,256.0,1300.0,25,969.5,laptop
4.0,7.0,128.0,540.0,60,2099.0,tablet
3.0,5.5,32.0,157.5,35,199.9,smartphone
2.0,5.7,16.0,154.85,25,102.35,smartphone
1.0,10.1,8.0,500.0,22,115.0,tablet
1.0,7.0,8.0,330.0,22,83.0,tablet
8.0,15.6,256.0,1770.0,1,844.0,laptop
1.0,7.0,8.0,330.0,11,59.0,tablet
2.0,10.1,32.0,525.0,20,172.0,tablet
2.0,5.5,16.0,150.75,50,77.4,smartphone
1.5,8.0,16.0,393.0,20,382.0,tablet
8.0,13.9,512.0,1370.0,10,1549.0,laptop
1.0,5.0,8.0,149.25,36,89.0,smartphone
4.0,5.0,32.0,157.3,16,430.0,smartphone
8.0,17.3,131.61,2800.0,3,990.0,laptop
4.85,1.77,131.61,1016.32,11,39.9,smartphone
4.85,11.0,131.61,468.0,19,2035.0,tablet
2.0,5.0,16.0,155.5,44,98.99,smartphone
4.0,5.1,64.0,162.2,29,342.05,smartphone
4.0,6.3,64.0,172.6,29,328.4,smartphone
2.0,10.1,64.0,796.0,61,122.9,tablet
4.0,15.6,128.0,2200.0,10,319.0,laptop
1.0,5.0,16.0,147.5,42,95.0,smartphone
4.85,1.77,131.61,1016.32,45,40.61,smartphone
3.0,5.5,32.0,158.5,38,223.86,smartphone
4.0,5.9,64.0,163.8,29,407.94,smartphone
8.0,15.6,256.0,1860.0,1,579.0,laptop
6.0,6.0,64.0,168.0,42,329.0,smartphone
4.0,10.5,64.0,482.0,20,541.3,tablet
1.0,5.0,8.0,146.25,15,64.99,smartphone
4.0,15.6,131.61,1860.0,1,416.0,laptop
2.0,5.2,16.0,158.6,22,116.0,smartphone
4.0,10.8,32.0,686.5,22,346.19,tablet
4.0,12.0,500.0,2800.0,9,327.98,console
4.85,7.0,131.61,1016.32,4,49.9,tablet
3.0,5.2,32.0,161.2,10,149.0,smartphone
2.0,9.7,32.0,469.0,19,338.0,tablet
8.0,17.3,131.61,2700.0,26,1079.0,laptop
3.0,5.0,32.0,158.0,34,362.9,smartphone
2.0,5.5,16.0,155.75,22,108.99,smartphone
1.0,10.1,16.0,491.0,27,122.8,tablet
4.0,15.6,131.61,1800.0,3,285.99,laptop
4.0,5.0,64.0,162.2,16,522.29,smartphone
16.0,15.4,256.0,1830.0,19,2454.85,laptop
4.0,15.6,131.61,2100.0,1,324.0,laptop
4.0,10.8,32.0,686.5,22,346.19,tablet
3.0,5.5,32.0,161.5,21,241.96,smartphone
8.0,15.6,131.61,2200.0,10,419.0,laptop
2.0,5.0,16.0,155.5,10,179.0,smartphone
8.0,17.3,131.61,2800.0,10,498.49,laptop
2.0,5.45,16.0,155.725,25,88.3,smartphone
8.0,15.6,131.61,2000.0,53,1120.01,laptop
4.0,15.6,131.61,2100.0,10,379.0,laptop
4.85,7.0,8.0,516.0,7,43.9,tablet
1.0,8.0,8.0,380.0,18,88.9,tablet
1.5,8.0,16.0,393.0,20,382.0,tablet
8.0,15.6,131.61,2140.0,1,668.0,laptop
4.85,7.0,8.0,516.0,7,43.9,tablet
4.85,7.0,8.0,1016.32,7,44.6,tablet
4.85,2.0,131.61,1016.32,14,54.98,smartphone
1.0,7.0,8.0,330.0,11,59.0,tablet
4.0,12.9,256.0,713.0,19,1100.0,tablet
1.5,5.0,16.0,155.5,15,151.9,smartphone
8.0,15.6,256.0,1840.0,1,839.0,laptop
8.0,15.6,256.0,2180.0,3,729.9,laptop
8.0,15.6,131.61,2000.0,2,769.0,laptop
16.0,15.6,512.0,2260.0,2,3020.0,laptop
1.0,8.0,8.0,330.0,11,74.89,tablet
4.0,5.7,64.0,163.4,13,292.0,smartphone
3.0,5.2,32.0,158.2,35,150.0,smartphone
4.0,14.0,256.0,2000.0,2,649.0,laptop
4.0,10.8,32.0,498.0,29,397.0,tablet
3.0,5.5,32.0,158.5,10,249.0,smartphone
4.0,10.1,128.0,550.0,10,479.32,tablet
1.0,8.0,16.0,348.0,22,109.0,tablet
8.0,13.3,256.0,1570.0,3,1174.15,laptop
4.0,9.82,32.0,398.0,62,427.8,console
1.0,10.1,8.0,533.0,7,85.0,tablet
2.0,5.0,16.0,150.5,10,87.9,smartphone
8.0,13.3,256.0,1290.0,1,1499.0,laptop
2.0,5.5,16.0,155.75,63,124.99,smartphone
4.0,5.5,32.0,157.5,20,478.0,smartphone
1.0,5.0,8.0,149.25,10,119.9,smartphone
4.85,2.4,131.61,1016.32,24,41.9,smartphone
1.5,8.0,16.0,393.0,20,382.0,tablet
6.0,5.5,64.0,167.0,31,395.0,smartphone
4.0,5.8,64.0,163.6,20,536.94,smartphone
3.0,10.5,32.0,529.0,20,233.2,tablet
2.0,8.0,16.0,320.0,10,118.0,tablet
4.85,7.0,8.0,1016.32,7,44.6,tablet
4.0,5.5,64.0,167.0,38,448.0,smartphone
4.0,5.5,64.0,164.0,25,168.0,smartphone
8.0,13.5,256.0,1252.0,17,1299.0,laptop
16.0,14.0,512.0,1400.0,10,2999.0,laptop
1.0,10.1,8.0,533.0,7,85.0,tablet
1.0,4.5,8.0,146.125,44,49.9,smartphone
8.0,12.0,256.0,850.0,1,2149.0,tablet
4.0,15.6,256.0,1016.32,3,698.0,laptop
3.0,5.2,64.0,173.4,9,360.0,smartphone
6.0,6.1,128.0,204.4,29,660.92,smartphone
1.0,8.0,8.0,380.0,18,88.9,tablet
1.0,10.1,8.0,610.0,11,68.99,tablet
1.0,5.0,16.0,147.5,10,66.0,smartphone
16.0,13.3,1000.0,1290.0,1,2399.0,laptop
1.0,5.0,16.0,147.5,42,61.4,smartphone
1.0,10.1,8.0,533.0,7,85.0,tablet
2.0,10.1,16.0,535.0,33,113.0,tablet
4.0,15.6,131.61,2200.0,10,258.0,laptop
16.0,12.3,131.61,786.0,17,2739.0,tablet
3.0,5.5,16.0,155.75,10,129.0,smartphone
4.85,12.9,131.61,631.0,19,2088.9,tablet
4.85,1.77,131.61,1016.32,14,25.0,smartphone
6.0,5.5,64.0,167.0,36,219.89,smartphone
8.0,14.0,256.0,1400.0,3,1397.0,laptop
1.0,8.0,8.0,380.0,18,88.9,tablet
3.0,5.0,32.0,158.0,59,120.29,smartphone
3.0,5.0,16.0,158.5,22,159.0,smartphone
4.0,4.5,64.0,161.0,51,545.0,smartphone
3.0,5.5,64.0,163.0,19,685.0,smartphone
1.0,7.0,8.0,330.0,11,59.0,tablet
4.0,11.3,500.0,2100.0,9,324.9,console
8.0,13.3,256.0,1280.0,25,1155.0,laptop
1.0,7.0,8.0,330.0,11,59.0,tablet
16.0,14.0,512.0,1400.0,10,2687.0,laptop
4.0,15.6,256.0,2100.0,5,503.0,laptop
4.0,6.0,64.0,165.0,2,275.0,smartphone
2.0,10.1,32.0,1290.0,1,224.0,tablet
4.0,6.26,64.0,164.52,25,191.9,smartphone
4.0,15.6,131.61,2200.0,10,294.0,laptop
1.0,7.0,8.0,1016.32,11,45.9,tablet
3.0,5.5,32.0,161.5,21,199.0,smartphone
4.0,6.0,64.0,176.0,20,276.71,smartphone
1.0,10.1,8.0,1016.32,7,77.99,tablet
8.0,14.0,131.61,1630.0,1,766.0,laptop
16.0,15.6,131.61,2610.0,3,1395.0,laptop
2.0,5.45,16.0,155.725,52,142.0,smartphone
4.85,1.8,131.61,1016.32,24,19.72,smartphone
1.0,5.0,8.0,149.25,21,97.0,smartphone
8.0,15.6,256.0,2320.0,3,797.01,laptop
8.0,15.6,131.61,1870.0,10,999.0,laptop
3.0,5.0,32.0,158.0,63,139.98,smartphone
4.85,7.0,8.0,333.0,7,44.99,tablet
4.85,1.77,131.61,1016.32,45,14.5,smartphone
4.0,5.8,256.0,198.4,19,1184.46,smartphone
8.0,13.3,256.0,1300.0,1,944.0,laptop
1.0,10.0,8.0,1016.32,7,69.0,tablet
1.0,10.1,8.0,610.0,11,68.99,tablet
3.0,5.6,32.0,158.6,20,159.35,smartphone
8.0,12.5,256.0,1130.0,1,1750.0,laptop
1.0,10.1,8.0,550.0,18,129.0,tablet
2.0,12.0,1000.0,2800.0,9,425.0,console
1.0,10.1,16.0,1016.32,64,87.9,tablet
8.0,15.6,256.0,2100.0,1,880.0,laptop
8.0,15.6,256.0,2180.0,3,728.0,laptop
2.0,10.1,32.0,506.0,10,188.0,tablet
8.0,15.6,131.61,2530.0,3,1075.0,laptop
1.0,8.0,8.0,380.0,18,88.9,tablet
4.0,12.9,1000.0,3300.0,9,439.0,console
1.0,5.0,8.0,149.25,22,98.0,smartphone
4.0,5.5,64.0,163.0,29,260.0,smartphone
4.0,15.6,131.61,2200.0,3,759.8,laptop
4.85,8.0,32.0,1016.32,65,99.0,tablet
2.0,10.1,16.0,510.0,22,129.99,tablet
1.0,5.0,16.0,150.5,10,94.0,smartphone
3.0,5.0,16.0,155.5,32,90.0,smartphone
2.0,4.7,128.0,170.8,19,548.94,smartphone
1.5,8.0,16.0,393.0,20,382.0,tablet
3.0,5.5,256.0,196.0,19,942.15,smartphone
4.85,7.0,8.0,1016.32,7,44.6,tablet
1.0,5.0,8.0,146.25,15,67.75,smartphone
4.0,10.8,32.0,686.5,22,346.19,tablet
4.0,6.2,64.0,164.4,20,473.0,smartphone
1.0,7.0,8.0,330.0,22,83.0,tablet
3.0,9.7,32.0,392.0,20,323.0,tablet
4.0,5.6,32.0,161.6,20,249.8,smartphone
6.0,6.0,64.0,168.0,36,239.74,smartphone
1.0,8.0,16.0,340.0,5,127.72,tablet
4.85,7.0,8.0,1016.32,7,44.6,tablet
8.0,15.6,256.0,2200.0,5,861.0,laptop
8.0,11.3,1000.0,2100.0,9,379.5,console
4.0,10.8,32.0,686.5,22,346.19,tablet
1.0,10.1,8.0,550.0,18,129.0,tablet
8.0,14.0,256.0,1550.0,10,710.0,laptop
1.0,10.1,8.0,610.0,11,68.99,tablet
4.0,8.4,32.0,1016.32,29,385.0,tablet
4.0,11.6,64.0,1400.0,5,279.0,laptop
4.85,7.0,8.0,264.0,6,51.64,tablet
4.85,7.0,8.0,1016.32,7,44.6,tablet
2.0,10.1,16.0,535.0,33,113.0,tablet
1.0,10.1,16.0,501.0,22,93.89,tablet
1.0,7.0,8.0,330.0,22,83.0,tablet
1.0,7.0,8.0,330.0,22,83.0,tablet
1.0,4.0,8.0,146.0,8,50.0,smartphone
8.0,14.0,256.0,2000.0,5,965.0,laptop
3.0,5.5,32.0,158.5,25,190.0,smartphone
4.0,11.6,32.0,1270.0,2,290.0,laptop
2.0,5.0,16.0,155.5,18,88.99,smartphone
8.0,17.3,131.61,3270.0,3,1295.0,laptop
4.0,5.5,64.0,171.0,8,329.0,smartphone
4.0,14.0,131.61,1650.0,5,278.0,laptop
8.0,15.6,131.61,2100.0,10,649.0,laptop
1.0,10.1,8.0,557.0,11,72.5,tablet
1.0,7.0,16.0,1016.32,27,68.28,tablet
4.0,10.8,32.0,686.5,22,346.19,tablet
16.0,13.3,512.0,1490.0,1,1159.0,laptop
4.85,7.0,8.0,516.0,7,43.9,tablet
8.0,15.6,131.61,2300.0,3,559.0,laptop
6.0,5.99,128.0,175.96,25,409.0,smartphone
4.0,12.0,500.0,2800.0,9,344.5,console
6.0,15.6,256.0,2200.0,10,563.99,laptop
4.0,14.0,128.0,1700.0,10,499.0,laptop
8.0,13.3,256.0,1260.0,1,1364.0,laptop
4.0,11.69,1000.0,2900.0,17,309.9,console
2.0,10.1,16.0,535.0,33,113.0,tablet
4.0,5.99,64.0,171.98,32,159.45,smartphone
6.0,6.3,256.0,202.4,20,979.0,smartphone
1.0,4.0,8.0,149.0,22,69.9,smartphone
1.0,7.0,8.0,1016.32,7,49.98,tablet
16.0,15.6,512.0,1970.0,3,2965.0,laptop
6.0,5.7,128.0,174.8,25,355.0,smartphone
1.5,8.0,16.0,393.0,20,382.0,tablet
8.0,15.6,131.61,2400.0,10,819.0,laptop
1.0,5.0,16.0,150.5,52,110.0,smartphone
1.0,10.1,8.0,533.0,7,85.0,tablet
3.0,5.0,32.0,168.0,9,219.94,smartphone
2.0,10.1,32.0,600.0,41,195.0,tablet
8.0,15.6,256.0,1780.0,1,1164.0,laptop
16.0,13.3,512.0,1210.0,3,2015.0,laptop
16.0,12.6,512.0,800.0,2,1994.0,tablet
4.0,11.3,500.0,2100.0,9,339.5,console
1.0,7.0,8.0,330.0,22,83.0,tablet
4.0,5.5,64.0,163.0,25,161.9,smartphone
4.0,8.0,64.0,303.0,10,305.0,tablet
2.0,11.69,1000.0,3800.0,17,489.89,console
1.0,8.0,8.0,330.0,11,74.89,tablet
2.0,5.7,16.0,155.85,52,129.0,smartphone
1.0,10.1,8.0,610.0,11,68.99,tablet
4.0,11.3,1000.0,2100.0,9,359.5,console
4.0,15.6,128.0,1850.0,10,385.0,laptop
2.0,5.2,16.0,155.6,20,169.85,smartphone
1.0,7.0,8.0,1016.32,27,56.9,tablet
8.0,13.3,256.0,1620.0,3,919.0,laptop
1.0,10.1,8.0,550.0,18,129.0,tablet
2.0,5.0,16.0,150.5,44,79.69,smartphone
1.0,10.1,8.0,533.0,7,85.0,tablet
4.0,4.6,32.0,163.6,9,327.38,smartphone
8.0,13.3,256.0,1210.0,3,1695.0,laptop
4.85,7.0,8.0,264.0,6,51.64,tablet
4.85,7.0,131.61,1016.32,4,49.9,tablet
8.0,17.3,131.61,2800.0,3,799.0,laptop
1.0,4.0,8.0,149.0,22,69.9,smartphone
1.0,7.0,8.0,300.0,10,130.0,tablet
3.0,5.5,16.0,155.75,66,109.0,smartphone
1.0,7.0,8.0,296.0,67,54.8,tablet
4.0,14.0,32.0,1440.0,1,214.0,laptop
16.0,15.6,512.0,2260.0,1,2350.0,laptop
4.0,15.6,131.61,2100.0,5,307.0,laptop
16.0,14.0,512.0,2170.0,1,2839.9,tablet
4.0,9.82,32.0,398.0,62,355.0,console
16.0,17.3,131.61,4420.0,3,3729.0,laptop
3.0,5.7,32.0,161.7,20,265.0,smartphone
8.0,12.3,256.0,786.0,17,1365.0,tablet
16.0,17.3,131.61,4420.0,3,3729.0,laptop
4.85,7.0,8.0,264.0,6,51.64,tablet
1.0,5.0,16.0,147.5,10,89.81,smartphone
3.0,5.5,16.0,155.75,36,146.0,smartphone
4.0,12.3,128.0,770.0,17,1267.18,tablet
8.0,15.6,256.0,1770.0,1,899.0,laptop
4.0,6.5,512.0,256.0,19,1538.8,smartphone
4.0,15.6,131.61,2030.0,2,411.0,laptop
8.0,13.3,512.0,1490.0,1,937.0,laptop
3.0,5.65,32.0,158.65,29,150.0,smartphone
4.0,10.1,64.0,690.0,10,556.2,laptop
4.0,11.69,1000.0,2900.0,17,310.0,console
4.0,15.6,128.0,2100.0,10,409.0,laptop
2.0,10.1,16.0,506.0,10,148.9,tablet
8.0,13.5,256.0,1642.0,17,2295.0,tablet
8.0,15.6,131.61,2100.0,10,1056.0,laptop
4.0,11.3,1000.0,2100.0,9,354.0,console
1.0,7.0,16.0,1016.32,10,129.0,tablet
4.0,12.3,128.0,786.0,17,927.98,tablet
1.0,10.1,8.0,557.0,11,72.5,tablet
1.0,5.5,8.0,149.375,22,88.04,smartphone
6.0,6.18,64.0,164.36,25,291.8,smartphone
1.0,8.0,16.0,348.0,22,109.0,tablet
2.0,4.7,256.0,189.6,19,759.66,smartphone
2.0,5.0,16.0,155.5,13,217.9,smartphone
2.0,9.7,32.0,469.0,19,302.5,tablet
3.0,5.5,32.0,158.5,13,156.0,smartphone
4.0,6.44,128.0,177.76,25,269.0,smartphone
3.0,5.3,32.0,161.3,12,340.0,smartphone
1.0,10.1,8.0,533.0,7,85.0,tablet
4.85,8.0,8.0,364.0,11,92.9,tablet
8.0,15.6,256.0,2100.0,10,825.0,laptop
4.0,6.0,32.0,169.0,9,223.0,smartphone
1.5,8.0,16.0,393.0,20,382.0,tablet
1.5,6.0,16.0,151.0,15,180.0,smartphone
2.0,5.5,16.0,155.75,44,99.9,smartphone
4.0,10.1,64.0,690.0,10,798.0,laptop
4.0,17.3,131.61,2800.0,10,379.0,laptop
4.0,14.0,128.0,1670.0,10,599.0,laptop
4.0,15.6,131.61,2100.0,1,582.0,laptop
4.0,5.65,64.0,164.3,29,235.0,smartphone
1.5,8.0,16.0,393.0,20,382.0,tablet
16.0,14.0,512.0,1490.0,10,1258.0,laptop
3.0,5.84,32.0,157.84,25,137.6,smartphone
8.0,15.6,256.0,1860.0,1,529.9,laptop
1.0,7.0,8.0,278.0,18,79.0,tablet
4.85,1.77,131.61,1016.32,23,22.71,smartphone
4.0,13.3,128.0,1460.0,10,775.0,laptop
2.0,5.0,16.0,155.5,13,197.0,smartphone
8.0,15.6,131.61,2600.0,10,849.0,laptop
8.0,14.0,256.0,1700.0,10,888.0,laptop
4.0,15.6,131.61,1870.0,10,472.52,laptop
3.0,5.7,32.0,157.7,25,134.75,smartphone
4.0,10.8,32.0,686.5,22,346.19,tablet
4.0,5.5,64.0,164.0,36,165.0,smartphone
16.0,17.3,131.61,2950.0,2,2235.0,laptop
8.0,15.6,256.0,2300.0,5,725.0,laptop
8.0,15.6,256.0,2180.0,3,708.99,laptop
4.0,5.2,32.0,161.2,42,269.0,smartphone
4.85,2.4,131.61,142.3,34,109.0,smartphone
3.0,5.1,64.0,166.2,20,624.0,smartphone
4.85,7.0,131.61,1016.32,4,49.9,tablet
4.85,1.8,131.61,1016.32,52,29.3,smartphone
4.0,10.8,32.0,686.5,22,346.19,tablet
4.0,10.8,32.0,686.5,22,346.19,tablet
2.0,8.0,32.0,298.0,2,252.09,tablet
2.0,27.0,16.0,1016.32,40,569.0,tablet
8.0,15.6,131.61,2200.0,2,1005.0,laptop
1.0,5.0,16.0,155.5,8,107.0,smartphone
2.0,10.1,16.0,535.0,33,113.0,tablet
8.0,14.0,256.0,1630.0,1,958.0,laptop
4.0,5.5,64.0,167.0,24,328.6,smartphone
1.0,7.0,8.0,310.0,6,78.0,tablet
4.0,12.9,1000.0,3300.0,9,439.0,console
8.0,15.6,131.61,2300.0,2,1090.0,laptop
8.0,13.5,256.0,1576.0,17,1499.0,tablet
1.5,8.0,16.0,393.0,20,382.0,tablet
8.0,12.5,256.0,1130.0,10,1493.0,laptop
6.0,5.15,64.0,162.3,25,445.0,smartphone
1.0,10.1,8.0,610.0,11,68.99,tablet
4.0,11.69,1000.0,2900.0,17,309.98,console
6.0,5.73,64.0,174.46,8,399.0,smartphone
4.0,15.6,128.0,1900.0,10,229.0,laptop
4.0,10.8,32.0,686.5,22,346.19,tablet
4.0,5.5,64.0,167.0,42,178.84,smartphone
4.85,7.0,131.61,1016.32,4,49.9,tablet
4.0,5.8,64.0,163.6,19,1044.8,smartphone
1.0,7.0,8.0,300.0,10,130.0,tablet
4.0,11.3,1000.0,2100.0,9,364.5,console
1.0,10.1,8.0,557.0,11,72.5,tablet
4.85,1.77,131.61,1016.32,45,14.33,smartphone
16.0,15.6,131.61,2500.0,2,1600.0,laptop
4.0,14.0,32.0,1300.0,46,199.0,laptop
4.0,5.99,64.0,163.98,25,183.3,smartphone
16.0,17.3,131.61,2800.0,3,1299.0,laptop
8.0,17.3,131.61,2800.0,10,589.0,laptop
1.0,8.0,8.0,330.0,11,74.89,tablet
2.0,10.1,16.0,535.0,33,113.0,tablet
8.0,15.6,131.61,2200.0,10,569.0,laptop
16.0,15.6,131.61,2200.0,3,1194.01,laptop
2.0,5.5,16.0,150.75,27,159.0,smartphone
8.0,15.6,131.61,2500.0,10,1149.0,laptop
8.0,15.6,131.61,2200.0,10,549.0,laptop
4.0,5.5,64.0,163.0,29,369.11,smartphone
2.0,9.6,16.0,460.0,29,135.0,tablet
2.0,9.7,128.0,444.0,19,995.0,tablet
16.0,15.6,131.61,2400.0,2,1815.0,laptop
3.0,10.1,16.0,484.0,10,319.0,tablet
8.0,15.6,128.0,2200.0,10,749.0,laptop
4.0,11.3,1000.0,2100.0,9,337.0,console
2.0,5.5,16.0,154.75,29,170.0,smartphone
4.0,15.6,128.0,2180.0,3,574.9,laptop
2.0,5.0,16.0,155.5,10,141.8,smartphone
4.0,15.6,128.0,2200.0,10,279.0,laptop
4.85,7.0,8.0,516.0,7,43.9,tablet
2.0,10.1,16.0,535.0,33,113.0,tablet
1.0,7.0,8.0,330.0,11,59.0,tablet
1.0,7.0,8.0,310.0,6,78.0,tablet
8.0,15.6,131.61,1960.0,1,589.9,laptop
4.85,1.77,131.61,1016.32,68,13.55,smartphone
1.0,10.1,8.0,610.0,11,68.99,tablet
8.0,6.0,128.0,180.0,31,503.42,smartphone
32.0,17.3,131.61,3000.0,2,1587.0,laptop
8.0,15.6,131.61,2500.0,5,729.0,laptop
4.85,7.0,131.61,1016.32,4,49.9,tablet
8.0,15.6,131.61,2000.0,53,998.0,laptop
4.85,2.8,131.61,1016.32,14,43.99,smartphone
4.0,13.3,64.0,2100.0,5,338.0,laptop
1.0,8.0,8.0,330.0,11,74.89,tablet
2.0,5.0,16.0,150.5,21,105.03,smartphone
4.0,15.6,131.61,1860.0,1,600.0,laptop
1.0,8.0,8.0,330.0,11,74.89,tablet
1.0,7.0,16.0,1016.32,5,83.1,tablet
1.0,7.0,8.0,310.0,6,78.0,tablet
8.0,14.0,512.0,1480.0,1,1499.0,laptop
1.0,10.1,16.0,525.0,10,108.69,tablet
4.85,7.0,8.0,516.0,7,43.9,tablet
4.0,15.6,131.61,2200.0,5,508.0,laptop
4.0,13.1,500.0,3200.0,17,319.21,console
1.0,7.0,8.0,330.0,22,83.0,tablet
1.0,7.0,8.0,310.0,6,78.0,tablet
1.0,5.45,16.0,147.725,52,109.12,smartphone
16.0,12.3,512.0,786.0,17,2470.0,tablet
4.0,15.6,256.0,2000.0,2,449.9,laptop
1.0,8.0,16.0,348.0,22,109.0,tablet
4.0,15.6,131.61,2000.0,2,347.9,laptop
24.0,15.6,512.0,2240.0,2,2568.0,laptop
1.0,7.0,8.0,310.0,6,78.0,tablet
4.0,15.6,128.0,1850.0,10,250.0,laptop
4.85,7.0,8.0,269.0,7,79.0,tablet
4.85,2.4,131.61,1016.32,21,35.79,smartphone
8.0,15.6,131.61,2600.0,2,1095.0,laptop
3.0,5.0,32.0,158.0,2,149.9,smartphone
16.0,14.0,256.0,1650.0,3,1710.0,laptop
16.0,15.6,131.61,1500.0,2,1194.01,laptop
1.0,10.1,8.0,533.0,7,85.0,tablet
1.0,5.0,8.0,146.25,58,56.9,smartphone
1.0,5.0,16.0,150.5,18,89.0,smartphone
8.0,15.6,131.61,2020.0,3,922.69,laptop
4.0,15.6,128.0,2200.0,10,348.99,laptop
4.0,10.8,32.0,686.5,22,346.19,tablet
1.0,10.1,8.0,610.0,11,68.99,tablet
6.0,5.5,128.0,174.0,29,579.9,smartphone
3.0,5.0,16.0,155.5,10,150.0,smartphone
4.85,7.0,8.0,516.0,7,43.9,tablet
8.0,12.3,256.0,786.0,17,1610.0,tablet
1.0,10.1,8.0,550.0,18,129.0,tablet
16.0,14.0,512.0,1400.0,1,1677.0,laptop
1.5,7.0,8.0,283.0,20,107.25,tablet
2.0,8.0,32.0,380.0,18,171.0,tablet
1.5,9.6,8.0,495.0,20,144.0,tablet
2.0,10.1,16.0,535.0,33,113.0,tablet
1.0,8.0,16.0,348.0,22,109.0,tablet
4.85,1.77,32.0,142.07000000000005,45,20.9,smartphone
4.0,15.6,131.61,2100.0,1,639.0,laptop
8.0,13.3,256.0,1460.0,10,1029.0,laptop
4.85,7.0,8.0,1016.32,7,44.6,tablet
4.0,10.8,32.0,686.5,22,346.19,tablet
8.0,11.69,1000.0,2900.0,17,300.99,console
1.0,8.0,8.0,330.0,11,74.89,tablet
16.0,14.0,512.0,2170.0,1,2827.9,tablet
4.0,5.2,32.0,157.2,29,271.9,smartphone
4.0,14.0,256.0,1480.0,1,1022.0,laptop
8.0,11.3,1000.0,2100.0,9,372.0,console
2.0,10.1,16.0,540.0,5,153.0,tablet
6.0,6.0,256.0,200.0,29,709.39,smartphone
4.0,12.9,128.0,723.0,19,1356.0,tablet
4.0,6.9,64.0,165.8,25,254.4,smartphone
4.0,13.1,500.0,3200.0,17,402.75,console
16.0,17.3,131.61,3000.0,2,1349.0,laptop
3.0,5.84,32.0,157.84,21,331.53,smartphone
8.0,14.0,256.0,1320.0,10,1099.0,laptop
4.0,5.7,64.0,164.4,50,245.9,smartphone
6.0,15.6,131.61,1700.0,2,644.0,laptop
1.0,4.5,16.0,150.25,22,73.66,smartphone
4.0,5.99,64.0,163.98,25,154.0,smartphone
2.0,9.82,16.0,105.0,69,43.99,console
8.0,14.0,256.0,1800.0,5,949.0,laptop
4.0,15.6,131.61,1860.0,1,482.0,laptop
1.0,7.0,8.0,300.0,10,130.0,tablet
2.0,5.0,16.0,150.5,10,97.0,smartphone
6.0,6.0,128.0,176.0,13,606.45,smartphone
8.0,6.21,128.0,176.84,25,609.0,smartphone
4.0,10.5,64.0,483.0,20,597.0,tablet
4.85,7.0,8.0,516.0,7,43.9,tablet
3.0,5.7,32.0,158.7,15,121.49,smartphone
2.0,5.0,16.0,155.5,8,106.0,smartphone
4.0,10.1,64.0,550.0,10,431.0,tablet
8.0,14.0,256.0,1600.0,5,871.0,laptop
1.0,10.1,8.0,533.0,7,85.0,tablet
1.0,7.0,8.0,330.0,22,83.0,tablet
1.0,8.0,16.0,348.0,22,109.0,tablet
4.85,2.8,131.61,1016.32,11,29.99,smartphone
1.5,8.0,16.0,393.0,20,382.0,tablet
6.0,5.0,64.0,166.0,36,272.85,smartphone
8.0,12.3,128.0,770.0,17,1080.0,tablet
2.0,8.0,16.0,350.0,29,135.0,tablet
4.0,5.7,64.0,170.4,9,450.01,smartphone
16.0,15.4,512.0,1830.0,19,2993.7,laptop
1.0,5.0,8.0,149.25,8,58.98,smartphone
3.0,5.2,16.0,155.6,35,107.3,smartphone
4.85,2.4,131.61,1016.32,70,70.09,smartphone
4.0,14.0,131.61,1900.0,1,299.0,laptop
4.0,15.6,131.61,2200.0,10,309.0,laptop
4.0,5.7,32.0,166.7,71,287.0,smartphone
4.0,6.3,128.0,181.2,29,385.8,smartphone
16.0,17.3,512.0,3270.0,3,1520.0,laptop
8.0,15.6,256.0,2400.0,5,1359.0,laptop
16.0,17.3,131.61,3100.0,26,2299.0,laptop
3.0,5.5,32.0,158.5,44,118.9,smartphone
8.0,13.3,512.0,1370.0,19,1958.0,laptop
2.0,10.1,16.0,535.0,33,113.0,tablet
4.85,7.0,8.0,1016.32,7,44.6,tablet
16.0,14.0,512.0,1490.0,2,1549.0,laptop
4.0,15.6,131.61,2100.0,1,318.99,laptop
2.0,5.5,16.0,150.75,68,105.0,smartphone
2.0,5.0,16.0,150.5,21,94.9,smartphone
1.0,10.1,8.0,550.0,18,129.0,tablet
1.0,8.0,16.0,348.0,22,109.0,tablet
16.0,17.3,131.61,2430.0,26,1799.0,laptop
4.0,15.6,131.61,2500.0,3,645.0,laptop
4.0,5.84,64.0,163.68,21,376.0,smartphone
4.85,2.4,131.61,1016.32,14,64.98,smartphone
3.0,5.0,16.0,155.5,32,74.0,smartphone
4.85,1.8,131.61,1016.32,15,14.88,smartphone
4.0,11.6,32.0,1300.0,3,194.0,laptop
2.0,5.0,16.0,155.5,32,103.75,smartphone
4.0,15.6,131.61,2140.0,3,621.6,laptop
8.0,12.5,256.0,1100.0,53,1786.0,laptop
4.0,11.3,1000.0,2100.0,9,349.5,console
2.0,9.7,128.0,437.0,19,717.0,tablet
4.0,5.99,64.0,164.98,43,265.0,smartphone
4.0,15.6,128.0,1800.0,10,344.3,laptop
16.0,17.3,131.61,2430.0,26,2271.0,laptop
4.0,5.2,32.0,157.2,13,327.72,smartphone
4.0,11.3,1000.0,2100.0,9,365.0,console
4.0,12.9,64.0,677.0,19,949.0,tablet
4.0,5.2,64.0,169.4,9,324.76,smartphone
4.85,7.0,8.0,1016.32,7,44.6,tablet
16.0,15.6,512.0,2400.0,10,1209.0,laptop
8.0,15.6,512.0,2000.0,53,1499.0,laptop
3.0,5.2,32.0,168.2,9,255.5,smartphone
3.0,5.7,32.0,161.7,32,115.35,smartphone
4.85,7.0,8.0,1016.32,7,44.6,tablet
4.0,10.8,32.0,686.5,22,346.19,tablet
6.0,6.0,64.0,168.0,31,481.0,smartphone
1.0,7.0,8.0,310.0,6,78.0,tablet
4.0,6.2,64.0,168.4,12,349.68,smartphone
3.0,5.7,32.0,158.7,10,160.0,smartphone
8.0,15.6,256.0,2600.0,1,1598.0,laptop
3.0,6.0,32.0,159.0,32,141.3,smartphone
4.85,11.0,64.0,468.0,19,1145.0,tablet
16.0,15.6,131.61,2650.0,3,1698.9,laptop
4.0,5.5,64.0,167.0,2,236.8,smartphone
8.0,13.3,256.0,1600.0,5,892.9,laptop
1.0,7.0,8.0,310.0,6,78.0,tablet
8.0,15.6,256.0,1800.0,10,784.0,laptop
1.0,7.0,8.0,330.0,22,83.0,tablet
4.0,10.0,64.0,522.0,17,473.0,tablet
8.0,14.0,131.61,2100.0,5,389.0,laptop
4.0,14.0,128.0,1590.0,1,569.0,laptop
4.0,15.6,131.61,2000.0,53,565.0,laptop
8.0,15.6,256.0,1880.0,3,1020.0,laptop
1.0,7.0,8.0,330.0,22,83.0,tablet
1.0,8.0,16.0,340.0,5,175.0,tablet
4.0,5.5,32.0,158.5,49,198.99,smartphone
1.0,5.5,16.0,150.75,52,88.99,smartphone
8.0,17.3,131.61,2800.0,3,1061.0,laptop
6.0,5.5,64.0,167.0,31,499.0,smartphone
2.0,10.1,16.0,535.0,33,113.0,tablet
4.85,2.4,8.0,142.6,22,58.99,smartphone
1.0,8.0,8.0,330.0,11,74.89,tablet
4.0,11.6,32.0,1500.0,2,388.0,laptop
2.0,11.69,1000.0,2900.0,17,314.9,console
3.0,5.0,16.0,150.5,66,104.0,smartphone
2.0,24.0,16.0,1016.32,40,505.0,tablet
4.0,8.0,64.0,300.0,10,296.54,tablet
4.85,7.0,8.0,1016.32,7,44.6,tablet
1.5,8.0,16.0,393.0,20,382.0,tablet
2.0,4.5,16.0,150.25,22,105.56,smartphone
8.0,13.3,256.0,1410.0,3,850.0,laptop
4.85,7.0,8.0,1016.32,7,44.6,tablet
4.0,12.3,128.0,748.0,1,1179.0,tablet
4.0,5.7,64.0,163.4,25,346.0,smartphone
4.85,7.0,131.61,1016.32,4,49.9,tablet
4.85,12.0,256.0,1270.0,5,1026.0,tablet
8.0,15.6,256.0,2200.0,3,875.0,laptop
4.85,7.0,8.0,264.0,6,51.64,tablet
8.0,15.6,256.0,2200.0,3,619.0,laptop
2.0,5.7,16.0,155.85,29,120.1,smartphone
4.85,2.4,131.61,1016.32,8,54.6,smartphone
4.85,12.9,131.61,631.0,19,2278.9,tablet
4.0,17.3,131.61,2450.0,1,479.0,laptop
4.0,6.3,64.0,168.6,38,365.4,smartphone
1.0,10.1,32.0,512.0,37,141.83,tablet
4.0,10.5,512.0,469.0,19,949.9,tablet
4.0,15.6,131.61,1900.0,10,549.0,laptop
4.85,7.0,8.0,264.0,6,51.64,tablet
4.0,11.3,1000.0,2100.0,9,325.0,console
2.0,4.7,128.0,170.8,19,569.8,smartphone
1.0,5.0,8.0,146.25,18,69.0,smartphone
4.85,7.0,8.0,264.0,6,51.64,tablet
4.0,15.6,256.0,2000.0,53,697.0,laptop
8.0,14.0,256.0,1680.0,10,1064.0,laptop
2.0,5.2,16.0,155.6,42,129.0,smartphone
4.85,1.77,131.61,1016.32,14,39.98,smartphone
4.0,15.6,131.61,2200.0,10,389.0,laptop
4.0,5.7,64.0,167.4,50,327.88,smartphone
32.0,15.6,2000.0,2000.0,3,3999.0,laptop
1.0,4.5,16.0,150.25,22,73.66,smartphone
4.85,2.0,131.61,142.0625,34,64.5,smartphone
2.0,10.0,16.0,510.0,22,156.74,tablet
1.0,10.1,8.0,557.0,11,72.5,tablet
4.0,11.69,1000.0,3800.0,17,497.0,console
1.0,8.0,8.0,330.0,11,74.89,tablet
4.0,11.69,1000.0,2900.0,17,299.9,console
8.0,15.6,131.61,2200.0,10,461.0,laptop
4.85,7.0,8.0,516.0,7,43.9,tablet
4.0,6.2,64.0,164.4,2,399.0,smartphone
8.0,12.0,256.0,920.0,5,978.0,tablet
4.0,10.8,32.0,686.5,22,346.19,tablet
2.0,10.1,32.0,550.0,10,209.0,tablet
1.0,10.1,8.0,1200.0,7,66.2,tablet
4.0,11.6,32.0,1170.0,1,174.0,laptop
4.0,5.9,64.0,164.8,55,335.0,smartphone
3.0,5.5,32.0,158.5,59,194.0,smartphone
6.0,6.0,128.0,176.0,29,448.4,smartphone
16.0,15.6,131.61,1860.0,26,1245.0,laptop
1.0,7.0,8.0,289.0,11,44.9,tablet
1.0,10.1,8.0,557.0,11,72.5,tablet
6.0,15.6,256.0,1910.0,1,644.0,laptop
8.0,15.6,131.61,2300.0,10,1142.0,laptop
2.0,5.0,16.0,150.5,8,130.0,smartphone
8.0,15.6,131.61,2200.0,3,980.0,laptop
3.0,5.5,32.0,168.5,9,280.0,smartphone
1.0,7.0,8.0,330.0,11,59.0,tablet
8.0,14.0,256.0,1250.0,2,1079.0,laptop
4.0,12.9,32.0,713.0,19,892.48,tablet
2.0,11.6,32.0,1350.0,10,235.9,laptop
1.0,10.1,8.0,533.0,7,85.0,tablet
2.0,5.0,16.0,158.5,18,129.0,smartphone
4.0,10.1,64.0,690.0,10,811.7,laptop
3.0,5.5,128.0,174.0,19,725.15,smartphone
1.0,8.0,8.0,330.0,11,74.89,tablet
3.0,5.5,32.0,161.5,21,210.5,smartphone
8.0,13.3,256.0,1560.0,10,1347.0,laptop
4.0,5.5,64.0,164.0,36,159.4,smartphone
4.0,5.7,64.0,163.4,35,368.0,smartphone
6.0,17.3,131.61,2800.0,10,649.0,laptop
3.0,5.7,32.0,157.7,55,269.0,smartphone
8.0,15.6,256.0,2000.0,53,945.0,laptop
16.0,14.0,512.0,1130.0,10,2444.0,laptop
16.0,13.3,512.0,1400.0,3,1452.0,laptop
4.0,13.1,500.0,3200.0,17,402.75,console
4.0,15.6,131.61,2200.0,5,620.0,laptop
4.0,11.3,1000.0,2100.0,9,359.0,console
2.0,10.1,16.0,535.0,33,113.0,tablet
4.85,2.4,131.61,1016.32,11,24.99,smartphone
4.0,5.5,64.0,164.0,50,154.74,smartphone
8.0,15.6,131.61,2200.0,10,719.0,laptop
8.0,15.6,131.61,2300.0,10,937.0,laptop
4.0,15.6,131.61,2200.0,5,533.0,laptop
3.0,5.45,32.0,158.45,8,193.32,smartphone
2.0,5.0,16.0,150.5,2,205.9,smartphone
2.0,5.5,16.0,155.75,63,109.98,smartphone
4.0,14.0,256.0,1700.0,10,699.0,laptop
1.0,8.0,8.0,380.0,18,88.9,tablet
4.0,6.44,64.0,164.88,25,166.93,smartphone
4.0,15.6,128.0,2200.0,10,446.51,laptop
12.0,15.6,131.61,2210.0,1,1299.0,laptop
4.85,2.45,131.61,142.30625,21,63.05,smartphone
3.0,5.0,16.0,155.5,52,125.0,smartphone
6.0,6.1,128.0,204.4,29,609.0,smartphone
6.0,5.99,64.0,163.98,25,471.99,smartphone
1.0,7.0,8.0,300.0,10,130.0,tablet
3.0,5.5,32.0,158.5,9,199.0,smartphone
2.0,5.0,16.0,150.5,44,94.98,smartphone
4.0,10.1,128.0,580.0,2,341.0,tablet
2.0,5.5,16.0,155.75,68,149.0,smartphone
16.0,13.9,512.0,1400.0,10,1599.0,laptop
2.0,10.1,16.0,535.0,33,113.0,tablet
1.0,7.0,8.0,330.0,22,83.0,tablet
3.0,5.5,32.0,158.5,20,243.0,smartphone
8.0,11.69,1000.0,2900.0,17,298.99,console
16.0,12.5,512.0,1016.32,2,1539.0,tablet
8.0,14.0,256.0,1480.0,1,1820.0,laptop
2.0,5.5,16.0,150.75,42,95.9,smartphone
8.0,14.0,131.61,1740.0,10,749.0,laptop
2.0,11.6,32.0,1500.0,72,184.0,tablet
8.0,17.3,131.61,2540.0,1,469.0,laptop
1.0,7.0,8.0,330.0,11,59.0,tablet
1.0,7.0,8.0,330.0,22,83.0,tablet
4.0,15.6,256.0,2200.0,5,687.0,laptop
8.0,15.6,131.61,2300.0,2,1216.9,laptop
2.0,9.7,32.0,478.0,19,398.95,tablet
8.0,15.6,131.61,2100.0,1,499.0,laptop
4.0,5.5,64.0,164.0,12,394.15,smartphone
4.0,6.5,64.0,165.0,19,1207.36,smartphone
1.0,7.0,16.0,302.0,11,59.9,tablet
3.0,5.2,32.0,168.2,9,258.9,smartphone
4.0,12.2,128.0,1250.0,5,567.0,tablet
6.0,6.3,128.0,177.2,20,840.0,smartphone
16.0,15.4,256.0,1830.0,19,2299.0,laptop
4.0,5.5,64.0,164.0,43,193.0,smartphone
3.0,5.2,32.0,161.2,22,161.99,smartphone
3.0,8.0,16.0,299.0,10,246.0,tablet
1.0,7.0,8.0,330.0,11,59.0,tablet
8.0,15.6,256.0,2000.0,3,1895.0,laptop
8.0,17.3,131.61,2800.0,3,755.0,laptop
2.0,10.1,16.0,665.0,10,258.0,tablet
4.0,12.2,131.61,3500.0,17,135.9,console
1.0,9.6,16.0,520.0,33,89.0,tablet
1.0,7.0,16.0,270.0,5,86.0,tablet
6.0,5.15,128.0,172.6,25,529.0,smartphone
8.0,15.6,256.0,1880.0,3,1276.0,laptop
2.0,5.5,16.0,158.75,10,149.0,smartphone
2.0,5.0,16.0,155.5,10,159.0,smartphone
8.0,6.28,256.0,206.24,31,596.3,smartphone
2.0,5.0,16.0,150.5,8,127.0,smartphone
4.85,7.0,8.0,264.0,6,51.64,tablet
4.0,10.8,32.0,686.5,22,346.19,tablet
1.0,7.0,8.0,330.0,11,59.0,tablet
4.0,14.0,256.0,1670.0,10,649.0,laptop
6.0,5.5,64.0,167.0,31,380.0,smartphone
4.0,5.2,64.0,162.4,29,299.0,smartphone
3.0,5.5,32.0,161.5,15,338.0,smartphone
4.0,11.69,1000.0,2900.0,17,233.0,console
8.0,15.6,256.0,1950.0,25,1049.0,laptop
2.0,5.2,16.0,155.6,21,124.0,smartphone
8.0,14.0,256.0,1480.0,1,1136.0,laptop
16.0,15.6,131.61,3210.0,3,3000.8,laptop
16.0,15.6,512.0,2060.0,3,1948.99,laptop
1.0,5.0,8.0,149.25,10,99.0,smartphone
3.0,4.7,32.0,157.7,50,173.9,smartphone
4.0,5.65,64.0,163.3,48,407.0,smartphone
2.0,5.45,16.0,150.725,29,104.35,smartphone
1.0,5.0,8.0,149.25,2,89.0,smartphone
4.85,7.0,131.61,1016.32,4,49.9,tablet
4.0,12.9,1000.0,3300.0,9,406.0,console
3.0,5.2,16.0,155.6,51,250.0,smartphone
1.0,10.1,8.0,533.0,7,85.0,tablet
1.0,7.0,16.0,248.0,10,81.99,tablet
4.85,3.2,131.61,1016.32,14,69.99,smartphone
4.0,15.6,131.61,2250.0,3,548.0,laptop
1.0,10.1,8.0,557.0,11,72.5,tablet
4.0,15.6,131.61,2000.0,2,294.0,laptop
8.0,13.3,512.0,1200.0,53,1605.0,laptop
1.0,7.0,8.0,330.0,22,83.0,tablet
1.0,7.0,16.0,254.0,10,129.0,tablet
2.0,5.2,16.0,155.6,29,191.65,smartphone
4.0,14.0,64.0,1440.0,10,229.0,laptop
4.85,7.0,131.61,1016.32,4,49.9,tablet
16.0,15.6,512.0,1930.0,3,1549.0,laptop
6.0,15.6,128.0,1910.0,1,579.0,laptop
3.0,10.1,32.0,460.0,29,255.0,tablet
1.0,10.1,8.0,533.0,7,85.0,tablet
3.0,8.0,32.0,267.0,20,318.99,tablet
4.0,5.7,64.0,167.4,66,147.0,smartphone
8.0,15.6,256.0,2530.0,3,1132.12,laptop
1.0,5.0,8.0,154.25,8,75.9,smartphone
1.0,4.0,8.0,149.0,19,215.76,smartphone
6.0,17.3,131.61,2800.0,10,829.0,laptop
4.0,5.2,64.0,169.4,9,364.0,smartphone
1.0,10.1,16.0,499.0,40,125.24,tablet
1.0,7.0,8.0,330.0,22,83.0,tablet
8.0,13.3,128.0,1210.0,3,1349.0,laptop
2.0,9.7,128.0,469.0,19,418.85,tablet
8.0,15.6,256.0,1800.0,10,859.0,laptop
2.0,5.0,16.0,155.5,29,145.0,smartphone
2.0,10.1,32.0,530.0,5,149.0,tablet
3.0,5.5,32.0,158.5,12,183.32,smartphone
4.85,7.0,8.0,1016.32,7,44.6,tablet
1.0,5.0,8.0,149.25,14,89.98,smartphone
4.0,5.2,32.0,157.2,29,239.0,smartphone
1.0,5.0,8.0,146.25,52,68.99,smartphone
8.0,13.3,512.0,1200.0,53,1600.0,laptop
1.0,10.1,8.0,557.0,11,72.5,tablet
16.0,17.3,131.61,2260.0,2,2259.0,laptop
1.0,7.0,8.0,324.0,73,93.8,tablet
1.0,8.0,8.0,330.0,11,74.89,tablet
1.0,10.1,8.0,550.0,18,129.0,tablet
8.0,14.0,256.0,1750.0,10,999.0,laptop
1.5,5.0,16.0,150.5,20,102.52,smartphone
8.0,15.6,256.0,2620.0,3,1174.0,laptop
2.0,10.1,16.0,570.0,10,113.0,tablet
4.0,11.6,128.0,1250.0,10,399.0,laptop
12.0,15.6,131.61,2200.0,3,779.0,laptop
16.0,17.3,131.61,3040.0,5,1338.0,laptop
4.85,1.8,131.61,1016.32,14,89.98,smartphone
1.0,10.1,8.0,550.0,18,129.0,tablet
8.0,13.3,512.0,1430.0,10,1650.0,laptop
8.0,15.6,256.0,2000.0,53,979.0,laptop
2.0,10.1,32.0,530.0,5,179.0,tablet
1.5,8.0,16.0,393.0,20,382.0,tablet
8.0,17.3,131.61,2700.0,26,1217.0,laptop
6.0,5.99,128.0,179.96,32,278.9,smartphone
4.0,5.1,64.0,162.2,29,399.0,smartphone
8.0,15.6,512.0,1970.0,3,2488.0,laptop
8.0,15.6,256.0,1400.0,3,1588.0,laptop
4.0,12.9,1000.0,3300.0,9,419.6,console
8.0,13.3,131.61,1550.0,3,711.56,laptop
4.0,5.7,32.0,161.7,20,384.71,smartphone
1.0,7.0,8.0,230.0,41,72.9,tablet
6.0,5.15,128.0,172.6,29,306.3,smartphone
2.0,5.5,16.0,150.75,68,88.9,smartphone
8.0,6.0,128.0,176.0,35,656.99,smartphone
8.0,15.6,256.0,2530.0,3,1028.71,laptop
4.0,15.6,131.61,2100.0,1,429.0,laptop
1.0,8.0,16.0,348.0,22,109.0,tablet
4.0,14.0,32.0,1440.0,1,218.15,laptop
2.0,9.7,128.0,437.0,19,549.0,tablet
8.0,15.6,131.61,2530.0,3,1278.88,laptop
2.0,5.5,16.0,155.75,50,157.85,smartphone
4.85,12.9,256.0,631.0,19,1568.9,tablet
8.0,17.3,131.61,2700.0,26,1421.9,laptop
8.0,17.3,256.0,3000.0,5,949.0,laptop
4.85,2.8,131.61,1016.32,15,64.49,smartphone
4.0,15.6,131.61,2100.0,1,390.0,laptop
4.0,10.8,32.0,686.5,22,346.19,tablet
2.0,10.1,32.0,610.0,56,149.0,tablet
4.0,11.69,500.0,2900.0,17,274.0,console
2.0,10.1,16.0,535.0,33,113.0,tablet
4.0,5.5,64.0,164.0,25,220.0,smartphone
4.0,15.6,131.61,1860.0,1,494.0,laptop
1.0,10.1,8.0,557.0,11,72.5,tablet
3.0,5.5,32.0,157.5,29,153.8,smartphone
16.0,14.0,512.0,1650.0,3,1645.0,laptop
1.0,7.0,8.0,370.0,22,82.99,tablet
2.0,5.5,16.0,155.75,36,92.3,smartphone
4.0,15.6,131.61,2250.0,3,364.0,laptop
16.0,17.3,512.0,2500.0,1,1205.0,laptop
6.0,15.6,131.61,2100.0,5,429.0,laptop
4.0,10.6,64.0,650.0,20,599.0,tablet
4.85,7.0,131.61,1016.32,4,49.9,tablet
8.0,15.6,131.61,2200.0,10,419.0,laptop
4.0,5.5,32.0,157.5,25,259.0,smartphone
4.0,10.5,512.0,477.0,19,1118.0,tablet
4.85,1.77,131.61,1016.32,27,29.39,smartphone
1.0,7.0,8.0,310.0,6,78.0,tablet
2.0,10.1,32.0,668.0,33,139.0,tablet
6.0,5.7,64.0,163.4,29,278.8,smartphone
8.0,15.6,131.61,1980.0,3,1034.49,laptop
3.0,10.1,32.0,637.0,10,333.0,tablet
4.85,2.4,131.61,1016.32,15,27.79,smartphone
4.0,15.6,128.0,1860.0,1,293.0,laptop
6.0,5.7,128.0,175.8,50,316.0,smartphone
3.0,5.5,32.0,158.5,36,109.0,smartphone
1.0,7.0,8.0,300.0,10,130.0,tablet
1.0,7.0,8.0,300.0,10,130.0,tablet
1.0,8.0,16.0,348.0,22,109.0,tablet
32.0,17.3,131.61,4650.0,26,3981.0,laptop
2.0,9.7,256.0,437.0,19,558.0,tablet
16.0,15.6,131.61,2020.0,3,949.0,laptop
1.0,10.1,8.0,550.0,18,129.0,tablet
8.0,15.6,131.61,2560.0,3,998.0,laptop
1.0,8.0,8.0,380.0,18,88.9,tablet
3.0,5.5,32.0,161.5,21,210.0,smartphone
6.0,5.5,64.0,167.0,74,360.0,smartphone
8.0,15.6,131.61,2530.0,2,1040.0,laptop
1.0,10.1,8.0,610.0,11,68.99,tablet
1.0,8.0,8.0,380.0,18,88.9,tablet
1.0,7.0,8.0,300.0,10,130.0,tablet
2.0,6.0,16.0,156.0,20,184.46,smartphone
8.0,15.6,256.0,2300.0,2,894.0,laptop
4.85,2.4,131.61,1016.32,15,34.9,smartphone
1.0,7.0,8.0,330.0,22,83.0,tablet
4.85,7.0,8.0,264.0,6,51.64,tablet
4.85,1.8,131.61,1016.32,14,24.99,smartphone
4.0,15.6,131.61,2200.0,5,689.0,laptop
4.0,5.5,64.0,167.0,2,279.0,smartphone
8.0,15.6,256.0,2200.0,75,864.0,laptop
8.0,13.3,256.0,1400.0,3,947.0,laptop
1.0,7.0,8.0,310.0,20,99.0,tablet
8.0,15.6,128.0,2100.0,1,929.0,laptop
3.0,5.65,32.0,157.65,48,321.0,smartphone
2.0,8.27,500.0,654.0,76,385.0,console
3.0,5.2,32.0,157.2,55,210.27,smartphone
4.0,5.84,64.0,163.68,25,158.0,smartphone
16.0,15.6,131.61,2500.0,26,1783.5,laptop
6.0,4.5,64.0,161.0,51,635.0,smartphone
4.0,5.9,64.0,167.8,29,200.4,smartphone
4.0,12.9,1000.0,3300.0,9,499.0,console
1.0,10.1,8.0,610.0,11,68.99,tablet
4.0,10.8,32.0,686.5,22,346.19,tablet
4.0,17.3,131.61,2600.0,1,549.0,laptop
4.0,12.0,128.0,850.0,1,1449.0,tablet
4.85,7.0,131.61,1016.32,4,49.9,tablet
4.0,15.6,131.61,2100.0,1,698.0,laptop
1.0,7.0,8.0,300.0,10,130.0,tablet
1.0,8.0,16.0,348.0,22,109.0,tablet
1.0,8.0,8.0,330.0,11,74.89,tablet
4.0,15.6,128.0,2300.0,10,459.0,laptop
1.0,6.0,8.0,149.5,15,92.99,smartphone
4.0,15.6,256.0,1016.32,3,569.0,laptop
16.0,15.6,256.0,1880.0,2,1794.0,laptop
8.0,15.6,256.0,2000.0,3,911.4,laptop
8.0,15.6,131.61,2200.0,5,520.0,laptop
1.0,7.0,8.0,310.0,6,78.0,tablet
4.85,2.4,131.61,1016.32,15,35.43,smartphone
1.0,5.0,8.0,149.25,15,68.99,smartphone
8.0,17.3,131.61,2500.0,1,935.0,laptop
1.0,10.1,8.0,557.0,11,72.5,tablet
4.0,6.0,64.0,164.0,13,299.0,smartphone
6.0,5.88,64.0,163.76,25,425.0,smartphone
4.85,7.0,8.0,264.0,6,51.64,tablet
32.0,15.6,1000.0,2000.0,3,2799.0,laptop
4.0,5.1,32.0,157.1,20,421.0,smartphone
1.0,5.0,8.0,149.25,24,95.95,smartphone
4.0,11.69,500.0,2900.0,17,265.0,console
3.0,5.2,32.0,161.2,63,249.99,smartphone
4.85,7.0,8.0,1016.32,7,44.6,tablet
16.0,13.3,512.0,1420.0,3,2473.84,laptop
8.0,13.3,256.0,1210.0,1,992.0,laptop
8.0,13.3,512.0,1330.0,1,1218.0,laptop
4.0,15.6,256.0,2100.0,5,429.0,laptop
8.0,13.5,256.0,1516.0,17,1377.0,tablet
4.0,10.8,32.0,686.5,22,346.19,tablet
16.0,15.6,256.0,2020.0,3,931.5,laptop
8.0,15.6,256.0,1700.0,2,1044.0,laptop
2.0,5.5,16.0,155.75,14,119.98,smartphone
4.85,7.0,8.0,1016.32,7,44.6,tablet
8.0,15.6,256.0,1800.0,10,597.8,laptop
8.0,15.6,256.0,2000.0,53,1292.0,laptop
1.0,4.0,8.0,149.0,22,71.99,smartphone
1.0,9.0,8.0,586.0,27,79.61,tablet
2.0,4.7,16.0,155.35,20,200.49,smartphone
2.0,5.0,16.0,155.5,15,76.98,smartphone
2.0,11.69,500.0,2900.0,17,274.0,console
4.85,7.0,8.0,516.0,7,43.9,tablet
32.0,17.3,512.0,3800.0,2,1998.0,laptop
2.0,5.99,16.0,154.995,55,185.0,smartphone
4.0,5.9,64.0,163.8,29,540.0,smartphone
1.5,8.0,16.0,393.0,20,382.0,tablet
2.0,10.8,32.0,686.5,22,297.71,tablet
16.0,15.6,131.61,2590.0,3,905.24,laptop
4.0,14.0,131.61,1630.0,1,703.9,laptop
2.0,8.0,16.0,350.0,29,130.0,tablet
1.0,7.0,8.0,255.0,56,75.0,tablet
1.0,7.0,8.0,310.0,6,78.0,tablet
3.0,5.2,32.0,158.2,2,229.0,smartphone
16.0,15.6,512.0,2530.0,3,1429.0,laptop
2.0,5.0,16.0,155.5,15,145.01,smartphone
4.0,12.9,1000.0,3300.0,9,458.8,console
2.0,4.7,16.0,155.35,20,195.0,smartphone
8.0,13.3,512.0,1490.0,1,1064.0,laptop
1.0,7.0,8.0,310.0,6,78.0,tablet
1.0,10.1,8.0,610.0,11,68.99,tablet
3.0,6.2,32.0,162.2,12,267.0,smartphone
4.0,14.0,131.61,1400.0,56,265.0,laptop
4.0,17.3,131.61,2600.0,1,434.0,laptop
8.0,15.6,131.61,2100.0,1,866.0,laptop
2.0,4.7,16.0,150.35,34,247.65,smartphone
8.0,15.6,131.61,2150.0,5,638.0,laptop
8.0,15.6,256.0,2020.0,3,919.0,laptop
4.85,7.0,8.0,1016.32,7,44.6,tablet
2.0,5.5,16.0,150.75,77,78.1,smartphone
4.85,7.0,8.0,516.0,7,43.9,tablet
4.0,15.6,131.61,2100.0,5,447.53,laptop
2.0,13.3,16.0,957.0,33,285.13,tablet
4.0,15.6,256.0,1770.0,1,584.0,laptop
1.0,5.0,16.0,150.5,10,59.99,smartphone
1.5,8.0,16.0,393.0,20,382.0,tablet
3.0,5.8,256.0,198.4,19,1052.4,smartphone
3.0,6.0,32.0,159.0,13,207.0,smartphone
1.0,5.0,16.0,150.5,10,129.0,smartphone
1.0,10.1,8.0,533.0,7,85.0,tablet
3.0,5.0,16.0,155.5,32,137.15,smartphone
3.0,5.2,32.0,157.2,29,240.9,smartphone
1.0,7.0,8.0,330.0,11,59.0,tablet
2.0,8.0,16.0,320.0,10,169.9,tablet
2.0,5.0,16.0,150.5,12,99.05,smartphone
3.0,5.2,32.0,161.2,20,230.96,smartphone
4.85,7.0,8.0,264.0,6,51.64,tablet
4.0,6.19,32.0,158.19,63,229.98,smartphone
3.0,4.5,32.0,157.5,51,190.0,smartphone
1.0,7.0,16.0,245.0,29,82.85,tablet
4.0,11.3,1000.0,2100.0,9,356.5,console
8.0,15.6,256.0,2530.0,3,1008.3,laptop
2.0,10.1,16.0,535.0,33,113.0,tablet
4.0,15.6,128.0,2200.0,3,468.4,laptop
4.85,7.0,131.61,1016.32,4,49.9,tablet
2.0,10.1,64.0,550.0,10,239.8,tablet
4.0,5.5,64.0,164.0,42,194.0,smartphone
6.0,15.6,256.0,1900.0,2,635.0,laptop
4.0,13.3,16.0,1450.0,10,350.0,laptop
4.85,7.0,8.0,516.0,7,43.9,tablet
2.0,5.0,16.0,150.5,8,127.0,smartphone
2.0,7.9,128.0,299.0,19,464.0,tablet
4.0,5.7,32.0,161.7,38,258.94,smartphone
8.0,15.6,256.0,2200.0,3,802.8,laptop
1.0,10.1,16.0,516.0,78,106.64,tablet
16.0,15.6,512.0,2090.0,1,2039.0,laptop
1.0,8.0,8.0,380.0,18,88.9,tablet
8.0,13.3,256.0,1100.0,10,888.0,laptop
3.0,6.0,32.0,159.0,20,182.9,smartphone
8.0,14.0,256.0,1800.0,75,1076.0,laptop
1.0,7.0,8.0,260.0,41,79.9,tablet
8.0,13.5,256.0,1250.0,17,1690.0,laptop
1.0,5.0,8.0,149.25,36,52.2,smartphone
4.85,9.82,131.61,1016.32,57,23.4,smartphone
4.85,2.8,131.61,1016.32,21,52.44,smartphone
4.0,11.69,1000.0,2900.0,17,233.0,console
3.0,9.7,32.0,392.0,20,244.75,tablet
4.0,5.45,64.0,162.9,25,138.5,smartphone
8.0,15.6,131.61,2020.0,3,975.0,laptop
1.0,10.1,8.0,533.0,7,85.0,tablet
8.0,12.0,1000.0,2800.0,9,349.02,console
8.0,15.6,131.61,2190.0,3,438.0,laptop
2.0,5.3,16.0,155.65,12,143.95,smartphone
16.0,15.6,131.61,3480.0,3,1799.0,laptop
1.0,7.0,8.0,310.0,6,78.0,tablet
2.0,5.99,16.0,155.995,29,191.0,smartphone
1.5,8.0,16.0,393.0,20,382.0,tablet
8.0,14.0,128.0,2170.0,1,2509.9,tablet
8.0,15.6,256.0,1860.0,1,739.0,laptop
8.0,13.3,512.0,1240.0,3,2010.0,laptop
16.0,15.6,512.0,2000.0,3,2179.0,laptop
4.85,7.0,8.0,264.0,6,51.64,tablet
3.0,5.7,32.0,158.7,35,147.99,smartphone
4.0,6.0,64.0,165.0,36,181.95,smartphone
4.0,5.7,64.0,164.4,12,454.0,smartphone
32.0,18.4,131.61,5500.0,26,5198.9,laptop
4.0,5.6,64.0,164.2,20,292.0,smartphone
4.85,11.0,64.0,468.0,19,959.0,tablet
8.0,15.6,256.0,2200.0,10,569.0,laptop
16.0,15.6,256.0,1880.0,2,1994.0,laptop
1.0,5.0,16.0,150.5,32,57.64,smartphone
1.0,10.1,8.0,533.0,7,85.0,tablet
1.0,10.1,8.0,533.0,7,85.0,tablet
16.0,15.6,131.61,3490.0,3,1889.0,laptop
2.0,4.5,16.0,150.25,22,105.56,smartphone
8.0,15.6,131.61,2200.0,10,799.0,laptop
1.0,5.3,16.0,147.65,42,64.99,smartphone
3.0,5.2,32.0,157.2,29,310.0,smartphone
4.0,6.0,64.0,171.0,9,639.0,smartphone
8.0,15.6,256.0,2050.0,10,619.0,laptop
1.0,5.5,8.0,154.375,63,109.99,smartphone
2.0,10.1,16.0,535.0,33,113.0,tablet
6.0,5.5,64.0,167.0,2,490.0,smartphone
8.0,15.6,131.61,2000.0,53,897.0,laptop
4.0,5.8,64.0,167.6,21,284.0,smartphone
1.0,10.1,16.0,521.0,5,158.9,tablet
3.0,5.5,64.0,164.0,20,240.0,smartphone
8.0,17.3,131.61,2800.0,2,899.0,laptop
2.0,5.5,128.0,174.0,19,630.0,smartphone
8.0,17.3,131.61,2800.0,10,749.0,laptop
4.0,5.8,128.0,175.2,29,451.2,smartphone
2.0,5.0,16.0,150.5,77,69.9,smartphone
4.0,15.6,131.61,2100.0,5,290.0,laptop
8.0,15.6,256.0,1930.0,3,1378.0,laptop
4.0,15.6,131.61,2100.0,5,297.0,laptop
1.0,5.5,8.0,149.375,74,70.0,smartphone
4.0,10.1,64.0,1080.0,2,264.0,tablet
2.0,5.0,16.0,150.5,8,127.0,smartphone
4.0,5.99,32.0,161.99,22,213.0,smartphone
1.0,7.0,16.0,310.0,56,115.0,tablet
2.0,5.0,16.0,150.5,10,99.9,smartphone
4.0,12.5,128.0,1430.0,2,1041.37,tablet
4.0,15.6,128.0,1800.0,10,477.0,laptop
4.0,15.6,131.61,2000.0,2,349.0,laptop
2.0,5.5,16.0,155.75,20,127.0,smartphone
1.0,8.0,8.0,380.0,18,88.9,tablet
8.0,15.6,256.0,2100.0,5,520.0,laptop
4.85,11.0,131.61,468.0,19,1849.0,tablet
2.0,11.6,32.0,1400.0,33,229.0,tablet
4.0,10.1,64.0,550.0,10,417.98,tablet
1.0,4.0,16.0,150.0,19,199.9,smartphone
4.85,7.0,8.0,516.0,7,43.9,tablet
4.0,15.6,131.61,2000.0,53,489.0,laptop
1.0,7.0,8.0,300.0,10,130.0,tablet
16.0,14.0,256.0,1600.0,2,1649.0,laptop
4.85,7.0,8.0,1016.32,7,44.6,tablet
8.0,13.3,256.0,1240.0,3,3029.0,laptop
1.0,7.0,8.0,330.0,11,59.0,tablet
2.0,5.5,16.0,158.75,22,102.03,smartphone
1.0,7.0,8.0,300.0,10,130.0,tablet
1.0,10.1,8.0,610.0,11,68.99,tablet
2.0,5.5,16.0,150.75,49,129.0,smartphone
8.0,15.6,256.0,2000.0,53,1073.0,laptop
16.0,15.6,512.0,1970.0,3,2996.0,laptop
8.0,15.6,256.0,2000.0,10,1076.0,laptop
6.0,15.6,131.61,1870.0,10,599.0,laptop
2.0,10.1,16.0,460.0,29,179.9,tablet
8.0,17.3,131.61,2800.0,3,1099.0,laptop
1.0,7.0,8.0,330.0,11,59.0,tablet
3.0,5.5,16.0,155.75,35,142.5,smartphone
4.0,5.5,32.0,166.5,51,300.0,smartphone
8.0,15.6,131.61,2200.0,10,299.0,laptop
1.0,10.1,8.0,533.0,7,85.0,tablet
6.0,5.5,128.0,174.0,25,313.95,smartphone
4.85,7.0,131.61,320.0,79,69.0,tablet
1.0,7.0,8.0,330.0,11,59.0,tablet
6.0,5.5,64.0,167.0,42,236.9,smartphone
4.85,7.0,8.0,264.0,6,51.64,tablet
4.85,7.0,8.0,264.0,6,51.64,tablet
8.0,12.0,256.0,770.0,10,1862.0,tablet
8.0,13.9,256.0,1400.0,10,1449.0,laptop
3.0,5.5,32.0,161.5,68,190.0,smartphone
4.0,6.0,64.0,168.0,20,257.0,smartphone
4.0,15.6,131.61,2100.0,5,455.0,laptop
2.0,10.1,32.0,668.0,33,208.0,tablet
4.0,15.6,131.61,1870.0,10,469.0,laptop
1.0,7.0,8.0,289.0,11,59.0,tablet
8.0,15.6,131.61,2200.0,5,745.0,laptop
4.85,7.0,8.0,516.0,7,43.9,tablet
4.0,10.1,64.0,1270.0,5,326.0,tablet
4.85,7.0,8.0,264.0,6,51.64,tablet
2.0,5.0,16.0,150.5,36,60.0,smartphone
8.0,12.3,256.0,786.0,17,1607.0,tablet
4.0,15.6,131.61,2200.0,10,488.9,laptop
4.0,12.0,500.0,2800.0,9,449.95,console
3.0,5.7,32.0,158.7,29,145.5,smartphone
2.0,5.0,32.0,158.0,25,145.0,smartphone
4.0,5.8,256.0,198.4,20,785.0,smartphone
1.0,8.0,8.0,330.0,11,74.89,tablet
6.0,6.2,256.0,201.6,20,782.0,smartphone
16.0,13.3,512.0,1190.0,75,2146.0,laptop
8.0,13.5,256.0,1534.0,17,1789.0,tablet
1.0,10.1,8.0,550.0,18,129.0,tablet
2.0,9.6,32.0,515.0,22,132.0,tablet
4.85,2.4,131.61,1016.32,80,39.9,smartphone
1.0,10.1,8.0,610.0,11,68.99,tablet
8.0,12.5,256.0,1400.0,3,1280.0,tablet
4.0,15.6,131.61,2180.0,3,629.0,laptop
3.0,5.6,32.0,161.6,20,195.0,smartphone
8.0,15.6,256.0,2400.0,10,789.0,laptop
2.0,5.0,16.0,155.5,29,148.0,smartphone
2.0,10.1,16.0,535.0,33,113.0,tablet
4.0,15.6,131.61,2000.0,2,254.0,laptop
4.0,5.99,64.0,167.98,80,219.0,smartphone
4.0,15.6,131.61,1860.0,1,413.8,laptop
4.0,9.82,32.0,297.0,62,398.9,console
4.85,2.4,131.61,1016.32,24,34.17,smartphone
4.85,7.0,8.0,264.0,6,51.64,tablet
2.0,4.0,128.0,168.0,19,458.73,smartphone
1.0,10.1,8.0,550.0,18,129.0,tablet
4.0,6.0,32.0,162.0,81,179.9,smartphone
16.0,17.3,131.61,2530.0,3,1645.0,laptop
2.0,10.1,16.0,535.0,33,113.0,tablet
8.0,15.6,131.61,2400.0,10,968.0,laptop
8.0,15.6,131.61,1920.0,1,619.0,laptop
4.0,9.7,32.0,490.0,2,522.04,tablet
2.0,5.5,16.0,155.75,44,139.0,smartphone
1.0,7.0,8.0,300.0,10,130.0,tablet
4.85,7.0,8.0,264.0,6,51.64,tablet
2.0,10.1,32.0,1016.32,10,404.0,tablet
2.0,10.1,16.0,550.0,5,229.0,tablet
4.85,2.4,131.61,1016.32,21,28.8,smartphone
1.0,6.0,8.0,149.5,15,77.88,smartphone
2.0,5.0,16.0,155.5,32,103.9,smartphone
1.0,10.1,16.0,450.0,41,116.9,tablet
4.0,15.6,131.61,1860.0,1,326.5,laptop
1.0,10.1,8.0,557.0,11,72.5,tablet
6.0,6.3,64.0,164.6,20,574.41,smartphone
3.0,5.5,32.0,158.5,12,200.0,smartphone
4.0,10.8,32.0,686.5,22,346.19,tablet
1.0,8.0,8.0,340.0,15,123.9,tablet
4.0,14.0,131.61,1720.0,3,599.9,laptop
1.0,10.1,8.0,533.0,7,85.0,tablet
8.0,15.6,131.61,2130.0,3,729.6,laptop
8.0,17.3,131.61,3000.0,2,1113.0,laptop
4.0,14.0,256.0,1670.0,10,699.0,laptop
6.0,17.3,131.61,2710.0,1,659.0,laptop
8.0,13.3,256.0,1290.0,3,1444.0,laptop
4.0,12.2,64.0,1250.0,5,527.4,tablet
6.0,5.0,64.0,166.0,50,254.99,smartphone
4.0,15.6,131.61,1860.0,1,448.0,laptop
1.0,10.1,8.0,557.0,11,72.5,tablet
8.0,15.6,256.0,2200.0,5,606.0,laptop
4.85,2.4,131.61,1016.32,14,39.98,smartphone
4.0,11.69,1000.0,2900.0,17,245.0,console
3.0,5.99,32.0,157.99,63,189.98,smartphone
2.0,5.0,16.0,155.5,32,99.9,smartphone
8.0,15.6,256.0,1970.0,3,2238.0,laptop
2.0,5.5,16.0,163.75,55,182.7,smartphone
4.0,5.0,128.0,172.3,16,462.0,smartphone
4.85,7.0,8.0,516.0,7,43.9,tablet
4.85,12.9,64.0,631.0,19,1189.9,tablet
1.0,5.5,16.0,150.75,42,93.0,smartphone
2.0,10.1,16.0,525.0,20,218.0,tablet
1.0,4.7,32.0,152.7,19,294.0,smartphone
1.0,7.0,8.0,310.0,6,78.0,tablet
8.0,15.6,131.61,1900.0,1,629.0,laptop
8.0,12.3,128.0,786.0,17,1129.0,tablet
8.0,15.6,256.0,2200.0,3,788.0,laptop
2.0,10.1,16.0,540.0,22,209.0,tablet
16.0,17.3,131.61,4420.0,3,3375.0,laptop
4.0,15.6,131.61,2200.0,3,772.0,laptop
4.0,5.5,64.0,167.0,2,329.0,smartphone
8.0,13.3,512.0,1290.0,1,1849.0,laptop
1.0,10.1,8.0,550.0,18,129.0,tablet
8.0,15.6,131.61,2530.0,3,1229.0,laptop
8.0,14.0,131.61,1940.0,1,394.0,laptop
4.0,12.2,64.0,900.0,5,689.0,tablet
4.85,2.4,131.61,1016.32,14,38.99,smartphone
8.0,14.0,256.0,1700.0,3,839.0,laptop
4.0,5.8,64.0,163.6,20,463.49,smartphone
4.85,1.77,131.61,1016.32,14,19.98,smartphone
4.85,7.0,8.0,1016.32,7,44.6,tablet
4.0,15.6,131.61,2270.0,3,339.0,laptop
4.0,10.1,128.0,597.0,10,389.0,tablet
4.0,10.1,128.0,618.0,10,1043.99,tablet
2.0,5.45,32.0,158.45,25,100.0,smartphone
1.0,8.0,8.0,315.0,22,74.47,tablet
4.0,6.5,256.0,204.0,19,1354.8,smartphone
8.0,13.3,256.0,1000.0,2,1194.01,laptop
2.0,8.0,16.0,466.0,10,137.9,tablet
1.0,7.0,8.0,300.0,10,130.0,tablet
4.85,7.0,8.0,1016.32,7,44.6,tablet
2.0,5.5,16.0,155.75,9,180.99,smartphone
8.0,15.6,256.0,2100.0,1,824.0,laptop
1.0,10.1,8.0,550.0,18,129.0,tablet
4.0,5.5,32.0,158.5,55,189.9,smartphone
1.0,5.0,8.0,149.25,36,88.49,smartphone
8.0,13.3,256.0,1430.0,10,1698.0,laptop
4.0,10.1,64.0,479.0,10,289.0,tablet
4.85,2.4,131.61,1016.32,14,20.9,smartphone
4.85,7.0,8.0,264.0,6,51.64,tablet
1.0,10.1,8.0,610.0,11,68.99,tablet
1.0,7.0,8.0,300.0,10,130.0,tablet
4.0,14.0,256.0,1750.0,3,829.9,laptop
4.85,1.77,131.61,1016.32,57,12.67,smartphone
2.0,9.7,128.0,478.0,19,574.9,tablet
3.0,5.2,32.0,158.2,29,160.0,smartphone
4.0,15.6,256.0,2200.0,5,573.0,laptop
2.0,11.69,1000.0,2900.0,17,249.0,console
4.85,2.4,8.0,142.6,22,58.99,smartphone
4.0,6.26,64.0,164.52,25,256.0,smartphone
4.85,7.0,131.61,1016.32,4,49.9,tablet
2.0,6.26,16.0,390.0,76,247.0,console
8.0,14.0,131.61,2040.0,1,499.0,laptop
4.0,9.7,32.0,434.0,20,453.3,tablet
8.0,17.3,131.61,3070.0,3,859.0,laptop
1.0,10.1,8.0,557.0,11,72.5,tablet
4.0,15.6,131.61,2100.0,5,345.0,laptop
4.85,7.0,131.61,1016.32,4,49.9,tablet
1.0,8.0,8.0,380.0,18,88.9,tablet
1.0,8.0,8.0,380.0,18,88.9,tablet
4.0,15.6,131.61,1860.0,1,398.0,laptop
2.0,5.5,16.0,150.75,36,78.98,smartphone
1.5,8.0,16.0,393.0,20,382.0,tablet
2.0,5.5,16.0,155.75,32,87.49,smartphone
2.0,11.3,500.0,2100.0,9,298.0,console
4.0,15.6,256.0,1860.0,1,419.0,laptop
1.0,10.1,8.0,610.0,11,68.99,tablet
4.85,1.8,131.61,1016.32,15,31.0,smartphone
4.0,11.3,500.0,2100.0,9,339.9,console
3.0,5.5,32.0,158.5,13,200.0,smartphone
1.0,7.0,8.0,300.0,10,130.0,tablet
1.0,10.1,8.0,533.0,7,85.0,tablet
1.0,10.1,8.0,550.0,18,129.0,tablet
4.85,1.8,131.61,1016.32,15,15.89,smartphone
1.0,5.0,8.0,146.25,24,117.88,smartphone
8.0,13.5,128.0,1576.0,17,1220.9,tablet
16.0,15.6,512.0,2560.0,3,1259.0,laptop
4.85,2.4,131.61,1016.32,14,32.98,smartphone
1.0,9.0,8.0,586.0,27,93.5,tablet
4.0,5.1,32.0,157.1,20,290.95,smartphone
6.0,6.3,64.0,164.6,20,583.09,smartphone
3.0,8.0,16.0,419.0,20,385.7,tablet
1.0,8.0,8.0,380.0,18,88.9,tablet
1.0,5.5,16.0,150.75,19,372.92,smartphone
2.0,5.5,16.0,150.75,18,99.0,smartphone
4.85,8.0,8.0,364.0,11,85.0,tablet
4.0,15.6,131.61,2200.0,3,450.0,laptop
16.0,15.6,131.61,2650.0,3,2083.5,laptop
8.0,6.28,128.0,181.12,31,551.58,smartphone
8.0,15.6,512.0,1950.0,10,1698.0,laptop
3.0,4.5,32.0,156.5,51,345.0,smartphone
8.0,14.0,131.61,1750.0,10,1046.0,laptop
1.0,5.0,8.0,146.25,12,104.0,smartphone
2.0,5.2,16.0,155.6,35,125.0,smartphone
1.0,10.1,16.0,525.0,10,159.0,tablet
8.0,13.9,256.0,1400.0,10,1549.0,laptop
6.0,5.15,128.0,172.6,25,604.0,smartphone
8.0,15.6,256.0,2400.0,5,649.0,laptop
4.0,10.1,64.0,690.0,10,604.0,tablet
2.0,5.5,16.0,150.75,10,170.87,smartphone
16.0,15.6,512.0,2570.0,10,2200.0,laptop
1.0,8.0,8.0,380.0,18,88.9,tablet
8.0,13.3,256.0,3000.0,10,1099.0,laptop
8.0,17.3,256.0,2500.0,1,1031.0,laptop
2.0,4.7,64.0,161.4,19,585.5,smartphone
2.0,5.0,16.0,150.5,22,118.0,smartphone
4.0,17.3,256.0,3000.0,5,784.0,laptop
1.0,10.1,8.0,550.0,18,129.0,tablet
2.0,10.0,16.0,1016.32,7,88.89,tablet
2.0,5.5,16.0,150.75,49,120.99,smartphone
4.85,1.77,131.61,1016.32,82,29.0,smartphone
4.0,15.6,131.61,2200.0,10,289.0,laptop
4.85,11.0,256.0,468.0,19,1139.0,tablet
4.0,15.6,131.61,1900.0,10,319.88,laptop
8.0,13.3,256.0,1400.0,3,1084.0,laptop
4.0,14.0,128.0,1700.0,10,504.0,laptop
2.0,8.0,32.0,400.0,41,159.0,tablet
4.85,7.0,8.0,516.0,7,43.9,tablet
16.0,13.3,512.0,1210.0,3,1979.0,laptop
4.0,5.7,64.0,164.4,50,174.5,smartphone
4.0,14.0,131.61,2100.0,10,299.0,laptop
2.0,10.1,32.0,655.0,22,265.0,tablet
1.0,4.5,8.0,146.125,21,76.41,smartphone
8.0,15.6,131.61,2400.0,5,444.0,laptop
4.0,15.6,131.61,2200.0,10,689.0,laptop
8.0,15.6,256.0,1960.0,1,617.9,laptop
8.0,14.0,256.0,1600.0,5,750.0,laptop
8.0,13.5,128.0,1534.0,17,1539.0,tablet
4.0,15.6,131.61,1800.0,10,448.9,laptop
3.0,5.99,32.0,157.99,25,134.6,smartphone
2.0,4.7,32.0,156.7,19,359.0,smartphone
6.0,15.6,256.0,2200.0,10,549.0,laptop
2.0,5.5,16.0,158.75,22,102.03,smartphone
4.0,5.5,64.0,167.0,21,260.0,smartphone
1.0,4.0,8.0,149.0,22,71.99,smartphone
16.0,13.9,512.0,1400.0,10,1579.0,laptop
4.0,11.69,1000.0,2900.0,17,299.9,console
3.0,5.5,32.0,157.5,19,518.0,smartphone
1.0,7.0,8.0,330.0,11,59.0,tablet
2.0,11.6,32.0,1270.0,10,179.0,laptop
16.0,17.3,131.61,2950.0,2,1820.0,laptop
2.0,8.27,131.61,654.0,76,429.0,console
8.0,17.3,131.61,2500.0,1,860.0,laptop
1.0,10.1,8.0,533.0,7,85.0,tablet
3.0,5.2,32.0,158.2,15,210.0,smartphone
16.0,17.3,131.61,4360.0,3,1739.0,laptop
4.0,15.6,131.61,2300.0,2,699.9,laptop
1.0,10.1,8.0,533.0,7,85.0,tablet
6.0,6.21,64.0,164.42,25,374.8,smartphone
4.0,14.0,32.0,1500.0,2,244.0,laptop
4.85,7.0,131.61,1016.32,4,49.9,tablet
1.0,10.1,8.0,550.0,18,129.0,tablet
1.0,7.0,8.0,300.0,10,130.0,tablet
8.0,15.6,131.61,2200.0,3,679.0,laptop
4.0,10.8,32.0,686.5,22,346.19,tablet
8.0,15.6,131.61,2200.0,26,1229.0,laptop
8.0,15.6,131.61,1770.0,1,1070.0,laptop
4.85,7.0,8.0,516.0,7,43.9,tablet
8.0,15.6,131.61,2300.0,1,1349.0,laptop
4.85,12.9,512.0,631.0,19,1618.9,tablet
6.0,5.99,128.0,179.96,29,344.79,smartphone
1.0,8.0,8.0,330.0,11,74.89,tablet
8.0,15.6,131.61,2400.0,5,729.0,laptop
1.0,8.0,16.0,348.0,22,78.9,tablet
2.0,5.0,16.0,155.5,25,105.4,smartphone
8.0,13.3,256.0,1210.0,3,1449.0,laptop
3.0,5.5,32.0,158.5,20,181.99,smartphone
8.0,15.6,256.0,2000.0,3,1930.0,laptop
8.0,15.6,256.0,2200.0,10,559.0,laptop
8.0,15.6,128.0,2000.0,53,827.01,laptop
1.5,8.0,16.0,393.0,20,382.0,tablet
6.0,15.6,131.61,2040.0,1,459.0,laptop
4.0,10.8,32.0,686.5,22,346.19,tablet
8.0,14.0,256.0,2170.0,1,2684.5,tablet
1.0,8.0,8.0,380.0,18,88.9,tablet
8.0,15.6,131.61,2000.0,3,1049.0,laptop
8.0,17.3,131.61,3000.0,2,1194.01,laptop
16.0,13.5,131.61,1642.0,17,3493.0,tablet
1.0,7.0,8.0,310.0,6,78.0,tablet
3.0,5.5,16.0,155.75,25,175.0,smartphone
4.0,12.9,1000.0,3300.0,9,437.0,console
4.0,5.71,128.0,175.84,83,549.0,smartphone
4.0,6.0,64.0,168.0,12,412.73,smartphone
4.85,7.0,8.0,264.0,6,51.64,tablet
1.0,5.5,8.0,149.375,63,89.98,smartphone
3.0,5.2,16.0,154.6,29,177.78,smartphone
2.0,10.1,32.0,1090.0,1,244.0,tablet
4.0,6.5,64.0,173.0,29,285.0,smartphone
4.85,1.8,131.61,1016.32,15,17.15,smartphone
4.0,11.69,1000.0,2900.0,17,280.0,console
8.0,15.6,131.61,2200.0,26,899.0,laptop
4.85,7.0,8.0,289.0,11,59.0,tablet
8.0,15.6,131.61,2100.0,1,609.0,laptop
16.0,15.6,512.0,2000.0,3,2279.0,laptop
4.0,15.6,131.61,2100.0,5,381.98,laptop
4.85,7.0,8.0,1016.32,7,44.6,tablet
4.0,5.6,64.0,167.2,20,270.0,smartphone
2.0,10.1,32.0,506.0,10,179.9,tablet
3.0,6.26,32.0,158.26,25,164.9,smartphone
4.0,5.84,64.0,167.68,29,298.4,smartphone
8.0,15.6,131.61,2170.0,10,728.0,laptop
8.0,15.6,131.61,2100.0,1,765.0,laptop
16.0,15.6,131.61,1860.0,26,1352.0,laptop
1.0,8.0,16.0,370.0,56,125.0,tablet
3.0,5.5,32.0,161.5,2,449.0,smartphone
2.0,9.7,256.0,444.0,19,899.0,tablet
1.0,7.0,8.0,330.0,22,83.0,tablet
8.0,15.6,131.61,2200.0,3,893.93,laptop
1.0,7.0,8.0,245.0,29,79.9,tablet
4.0,15.6,131.61,2190.0,10,289.0,laptop
16.0,17.3,131.61,4420.0,3,3690.0,laptop
4.85,2.4,16.0,143.2,21,43.89,smartphone
1.0,10.1,8.0,610.0,11,68.99,tablet
4.0,10.8,64.0,498.0,29,489.0,tablet
4.0,8.4,32.0,316.0,29,360.0,tablet
4.0,15.6,256.0,2200.0,10,419.0,laptop
8.0,13.3,256.0,1340.0,19,1124.5,laptop
1.0,3.5,8.0,148.875,22,108.89,smartphone
16.0,15.6,512.0,2250.0,3,1759.0,laptop
8.0,13.3,512.0,1200.0,2,1294.0,laptop
4.0,6.0,64.0,164.2,16,553.36,smartphone
1.0,7.0,16.0,1016.32,18,88.9,tablet
4.0,10.1,64.0,620.0,10,549.0,tablet
16.0,15.6,131.61,2200.0,26,1336.0,laptop
2.0,5.5,16.0,158.75,22,102.03,smartphone
8.0,17.3,131.61,2790.0,1,569.0,laptop
1.0,5.0,16.0,147.5,43,87.0,smartphone
4.85,2.4,131.61,1016.32,24,48.0,smartphone
8.0,15.6,256.0,2170.0,10,598.0,laptop
1.0,4.5,8.0,146.125,44,59.0,smartphone
1.0,7.0,8.0,330.0,22,83.0,tablet
4.0,5.99,32.0,157.99,25,162.0,smartphone
4.0,12.0,128.0,754.0,20,1399.0,tablet
8.0,15.6,128.0,2200.0,10,479.0,laptop
3.0,5.5,32.0,158.5,25,168.95,smartphone
2.0,5.2,16.0,155.6,21,138.0,smartphone
4.0,15.6,131.61,1900.0,10,568.0,laptop
16.0,13.3,512.0,1190.0,10,1539.0,laptop
1.0,7.0,8.0,274.0,84,59.8,tablet
2.0,5.5,16.0,155.75,12,133.85,smartphone
16.0,15.6,131.61,2300.0,10,1299.0,laptop
4.85,2.4,131.61,1016.32,85,38.99,smartphone
16.0,15.6,131.61,2000.0,53,1599.0,laptop
2.0,12.9,1000.0,3300.0,9,406.9,console
1.0,8.0,16.0,348.0,22,109.0,tablet
8.0,14.0,256.0,1730.0,1,1059.9,laptop
1.0,10.1,16.0,655.0,86,165.27,tablet
16.0,17.3,131.61,3000.0,2,1989.0,laptop
16.0,15.6,256.0,1880.0,3,1299.0,laptop
4.0,15.6,131.61,1930.0,3,794.0,laptop
1.0,10.1,8.0,550.0,18,129.0,tablet
2.0,10.1,32.0,500.0,41,155.0,tablet
4.85,7.0,8.0,1016.32,7,44.6,tablet
3.0,5.7,32.0,158.7,29,149.0,smartphone
4.0,15.6,131.61,2000.0,2,317.99,laptop
4.85,2.2,131.61,1016.32,14,44.99,smartphone
4.0,15.6,131.61,1860.0,1,227.0,laptop
2.0,5.0,16.0,150.5,63,129.99,smartphone
3.0,5.0,32.0,158.0,25,139.0,smartphone
2.0,5.0,16.0,155.5,44,123.8,smartphone
4.85,7.0,131.61,1016.32,4,49.9,tablet
2.0,9.7,32.0,444.0,19,798.94,tablet
8.0,13.3,128.0,1250.0,19,1419.0,laptop
8.0,13.3,256.0,1230.0,3,1398.9,laptop
2.0,5.0,16.0,155.5,32,74.9,smartphone
1.0,8.0,16.0,348.0,22,109.0,tablet
1.0,10.1,8.0,550.0,18,129.0,tablet
8.0,14.0,256.0,1750.0,10,1074.0,laptop
8.0,15.6,256.0,1800.0,1,1136.0,laptop
6.0,5.5,128.0,178.0,2,620.0,smartphone
4.85,7.0,8.0,516.0,7,43.9,tablet
8.0,15.6,256.0,2000.0,53,1103.0,laptop
8.0,15.6,256.0,1880.0,3,1015.0,laptop
3.0,5.0,64.0,173.0,9,290.0,smartphone
8.0,12.5,256.0,1110.0,75,1577.0,laptop
3.0,5.7,32.0,158.7,77,155.5,smartphone
1.5,8.0,16.0,393.0,20,382.0,tablet
2.0,8.0,64.0,650.0,34,697.31,tablet
4.85,1.7,131.61,1016.32,8,28.18,smartphone
4.0,5.2,64.0,169.4,9,448.0,smartphone
8.0,13.3,256.0,1620.0,3,849.0,laptop
4.0,12.3,128.0,1330.0,10,1135.0,tablet
1.5,8.0,16.0,393.0,20,382.0,tablet
2.0,5.0,16.0,155.5,20,147.25,smartphone
8.0,14.0,256.0,1580.0,10,1477.0,laptop
2.0,10.0,16.0,1016.32,7,75.8,tablet
16.0,15.6,131.61,3200.0,10,1489.0,laptop
4.0,6.0,64.0,168.0,12,434.0,smartphone
1.0,7.0,8.0,300.0,10,130.0,tablet
4.0,15.6,256.0,1910.0,1,428.0,laptop
16.0,17.3,131.61,2900.0,1,1049.0,laptop
1.0,8.0,16.0,348.0,22,109.0,tablet
8.0,17.3,131.61,2540.0,1,469.0,laptop
4.0,11.3,500.0,2100.0,9,344.5,console
8.0,13.3,256.0,1210.0,3,1825.0,laptop
4.85,7.0,131.61,1016.32,4,49.9,tablet
4.85,2.0,131.61,1016.32,45,53.76,smartphone
2.0,5.0,16.0,155.5,2,114.9,smartphone
4.0,15.6,131.61,2100.0,10,369.0,laptop
4.0,15.6,256.0,2300.0,75,679.0,laptop
3.0,5.45,32.0,157.45,25,112.0,smartphone
1.0,8.0,8.0,380.0,18,88.9,tablet
4.0,14.0,131.61,2000.0,2,544.0,laptop
4.0,15.6,131.61,2200.0,3,338.99,laptop
4.0,5.15,64.0,162.3,29,310.0,smartphone
8.0,15.6,256.0,2300.0,5,613.0,laptop
2.0,5.2,16.0,155.6,20,160.0,smartphone
4.85,7.0,8.0,264.0,6,51.64,tablet
4.0,15.6,256.0,2000.0,2,644.0,laptop
2.0,5.0,16.0,155.5,20,170.0,smartphone
16.0,17.3,131.61,4420.0,3,2338.0,laptop
8.0,15.6,131.61,2200.0,5,685.0,laptop
16.0,13.3,512.0,1620.0,3,1289.0,laptop
1.0,10.1,8.0,533.0,7,85.0,tablet
4.0,15.6,131.61,2040.0,1,569.0,laptop
4.0,5.8,512.0,244.8,19,1435.5,smartphone
2.0,5.5,16.0,150.75,36,136.4,smartphone
8.0,12.0,256.0,920.0,19,1199.0,laptop
4.0,5.5,64.0,167.0,2,305.0,smartphone
8.0,13.3,256.0,1370.0,19,1889.9,laptop
32.0,15.6,512.0,2600.0,1,2930.0,laptop
4.0,15.6,131.61,1860.0,1,297.99,laptop
8.0,15.6,256.0,2200.0,3,888.0,laptop
1.0,10.1,8.0,557.0,11,72.5,tablet
8.0,15.6,256.0,1670.0,10,632.0,laptop
1.0,10.1,8.0,533.0,7,85.0,tablet
1.0,7.0,8.0,310.0,6,78.0,tablet
4.85,2.4,131.61,1016.32,80,46.9,smartphone
1.0,7.0,8.0,271.7,10,82.0,tablet
2.0,13.1,500.0,3200.0,17,365.0,console
2.0,5.0,16.0,155.5,36,170.0,smartphone
32.0,17.3,131.61,2730.0,2,1794.0,laptop
8.0,17.3,131.61,2800.0,3,651.0,laptop
1.5,8.0,16.0,393.0,20,382.0,tablet
3.0,8.0,16.0,299.0,10,233.0,tablet
16.0,15.6,512.0,1990.0,10,2299.0,laptop
2.0,11.69,1000.0,2900.0,17,299.89,console
4.0,13.5,128.0,1252.0,17,949.0,laptop
8.0,15.6,131.61,2620.0,3,1094.0,laptop
2.0,5.5,16.0,155.75,9,145.35,smartphone
4.0,15.6,256.0,2000.0,2,499.0,laptop
12.0,15.6,131.61,2200.0,10,649.0,laptop
1.0,10.1,8.0,557.0,11,77.0,tablet
8.0,15.6,131.61,2200.0,3,489.0,laptop
32.0,15.6,1000.0,2000.0,3,2798.0,laptop
4.85,7.0,131.61,1016.32,4,49.9,tablet
2.0,9.82,32.0,398.0,62,325.0,console
4.0,5.0,64.0,169.0,9,437.6,smartphone
16.0,15.0,256.0,1905.0,17,2980.0,tablet
1.0,8.0,16.0,348.0,22,109.0,tablet
3.0,5.2,32.0,158.2,2,143.0,smartphone
8.0,15.6,131.61,2400.0,5,809.0,laptop
8.0,6.41,128.0,181.64,31,656.61,smartphone
1.0,5.5,8.0,149.375,21,110.97,smartphone
4.0,15.6,128.0,2200.0,10,268.0,laptop
8.0,15.6,256.0,2400.0,10,839.0,laptop
4.0,5.2,64.0,166.4,2,377.0,smartphone
8.0,14.0,256.0,1360.0,1,1545.5,laptop
1.0,7.0,8.0,310.0,6,78.0,tablet
4.0,17.3,131.61,2710.0,1,459.0,laptop
1.0,7.0,8.0,284.0,11,59.0,tablet
8.0,15.6,256.0,2100.0,1,868.0,laptop
2.0,5.5,16.0,155.75,36,103.5,smartphone
8.0,5.7,64.0,163.4,39,492.99,smartphone
2.0,10.1,16.0,655.0,10,189.0,tablet
3.0,4.7,32.0,157.7,36,166.99,smartphone
16.0,13.5,131.61,1576.0,17,2695.0,tablet
1.0,5.0,8.0,149.25,22,78.29,smartphone
6.0,5.99,128.0,175.96,25,509.0,smartphone
2.0,5.5,16.0,155.75,58,84.9,smartphone
3.0,5.1,32.0,161.1,20,379.9,smartphone
8.0,15.6,512.0,1970.0,3,2484.0,laptop
8.0,15.6,131.61,2200.0,10,549.0,laptop
6.0,6.4,128.0,177.6,20,769.0,smartphone
4.0,15.6,131.61,2100.0,5,334.0,laptop
2.0,5.0,16.0,150.5,51,166.16,smartphone
8.0,12.0,256.0,920.0,19,1245.0,laptop
4.0,5.5,32.0,157.5,20,409.0,smartphone
3.0,5.7,16.0,155.85,52,149.99,smartphone
4.0,15.6,131.61,2200.0,10,399.0,laptop
4.85,7.0,8.0,264.0,6,51.64,tablet
2.0,5.5,16.0,150.75,68,78.45,smartphone
1.0,7.0,8.0,330.0,11,59.0,tablet
16.0,15.6,512.0,1800.0,10,3443.0,laptop
4.0,5.5,64.0,164.0,10,370.0,smartphone
1.0,10.1,8.0,550.0,18,129.0,tablet
8.0,14.0,256.0,2170.0,1,2666.0,tablet
8.0,15.6,256.0,1780.0,3,2542.1,laptop
1.0,8.0,8.0,330.0,11,74.89,tablet
8.0,13.3,512.0,1370.0,19,2090.0,laptop
4.0,15.6,131.61,2100.0,5,330.0,laptop
4.0,11.3,1000.0,2100.0,9,319.88,console
4.0,15.6,131.61,2100.0,5,372.99,laptop
4.0,15.6,131.61,2250.0,3,309.0,laptop
2.0,4.7,16.0,150.35,50,142.6,smartphone
4.0,5.5,64.0,164.0,44,144.99,smartphone
1.0,7.0,8.0,330.0,22,83.0,tablet
16.0,15.6,512.0,2400.0,10,1048.98,laptop
8.0,15.6,131.61,2200.0,1,793.0,laptop
3.0,5.2,32.0,168.2,9,247.99,smartphone
4.0,11.6,32.0,1420.0,10,289.0,laptop
1.0,5.5,16.0,155.75,63,84.98,smartphone
1.0,8.0,16.0,348.0,22,109.0,tablet
2.0,4.0,16.0,154.0,19,287.73,smartphone
4.85,2.45,131.61,142.30625,21,79.9,smartphone
16.0,15.4,256.0,1830.0,19,2588.84,laptop
2.0,10.1,16.0,535.0,33,113.0,tablet
4.0,5.5,64.0,163.0,13,455.08,smartphone
8.0,15.6,131.61,2600.0,1,1635.0,laptop
32.0,17.3,131.61,4200.0,10,2617.0,laptop
4.0,15.6,131.61,1900.0,10,240.4,laptop
8.0,15.6,256.0,2060.0,3,1329.0,laptop
8.0,14.0,256.0,1750.0,3,1159.0,laptop
4.0,15.6,131.61,2200.0,10,339.0,laptop
1.0,8.0,8.0,380.0,18,88.9,tablet
8.0,13.3,256.0,1500.0,5,788.0,laptop
12.0,15.6,131.61,2200.0,1,699.0,laptop
3.0,5.5,32.0,157.5,35,220.0,smartphone
3.0,5.7,32.0,158.7,59,153.47,smartphone
1.0,7.0,8.0,1016.32,7,42.3,tablet
3.0,5.7,32.0,158.7,10,195.0,smartphone
4.0,9.7,128.0,430.0,2,498.48,tablet
3.0,5.2,32.0,158.2,8,158.72,smartphone
4.85,7.0,8.0,1016.32,7,44.6,tablet
4.0,11.6,32.0,1170.0,1,174.0,laptop
2.0,5.5,16.0,147.75,42,104.89,smartphone
2.0,11.3,500.0,2100.0,9,284.0,console
1.0,7.0,8.0,290.0,41,45.9,tablet
3.0,5.2,32.0,158.2,35,143.57,smartphone
2.0,5.5,16.0,155.75,42,95.29,smartphone
4.85,7.0,8.0,289.0,11,62.8,tablet
2.0,10.1,16.0,490.0,2,291.4,tablet
8.0,13.5,256.0,1252.0,17,1865.9,laptop
8.0,6.4,512.0,254.4,20,981.56,smartphone
2.0,5.5,16.0,155.75,2,149.8,smartphone
2.0,5.5,16.0,155.75,68,103.9,smartphone
6.0,15.6,256.0,2000.0,2,620.35,laptop
4.85,8.0,8.0,364.0,11,84.0,tablet
8.0,13.3,128.0,1340.0,19,935.14,laptop
1.5,5.0,8.0,149.25,20,112.0,smartphone
4.85,7.0,8.0,264.0,6,51.64,tablet
3.0,8.0,32.0,310.0,29,232.0,tablet
4.0,14.0,32.0,1430.0,1,218.15,laptop
4.0,12.3,128.0,786.0,17,1199.0,tablet
8.0,15.6,256.0,2100.0,10,915.0,laptop
6.0,15.6,131.61,2400.0,10,569.0,laptop
3.0,5.2,32.0,168.2,9,259.0,smartphone
4.0,6.0,128.0,176.2,16,710.0,smartphone
1.0,10.1,8.0,610.0,11,68.99,tablet
4.0,5.2,32.0,164.2,9,295.7,smartphone
8.0,13.3,256.0,1190.0,10,1134.0,laptop
8.0,14.0,256.0,1750.0,3,1043.0,laptop
8.0,13.3,256.0,1200.0,3,1438.0,laptop
4.0,5.0,64.0,163.0,18,199.0,smartphone
4.0,5.9,64.0,167.8,29,249.0,smartphone
4.0,11.69,1000.0,3800.0,17,479.9,console
1.0,7.0,8.0,284.0,11,57.6,tablet
1.0,10.1,8.0,550.0,18,129.0,tablet
1.5,8.0,16.0,393.0,20,382.0,tablet
12.0,14.0,256.0,1400.0,10,1483.0,laptop
8.0,5.99,128.0,175.96,25,536.88,smartphone
8.0,12.0,256.0,1205.0,1,2154.0,tablet
3.0,5.2,16.0,154.6,29,132.83,smartphone
8.0,17.3,131.61,3270.0,3,1323.94,laptop
